NumberofFloors,PropertyGFABuilding(s),ENERGYSTARScore,BuildingAge,Energy_per_m2,Carbon_intensity_ratio,Age_x_Size,ENERGY_vs_type_mean
2,56228,95.0,55,27.379214981859572,2.5027955895454208e-05,3092540,1996164.7493421054
6,58006,84.0,15,63.157854359893804,2.4569169472813754e-05,870090,3010660.921875
5,52210,57.0,38,85.3613196705612,2.8819436380768837e-05,1983980,3010660.921875
2,54986,97.0,26,30.01271687338595,1.9069499904334372e-05,1429636,1996164.7493421054
2,94900,57.0,55,65.18926765015806,2.1104148146723292e-05,5219500,2628999.7780914395
2,52554,83.0,116,56.15807074628002,2.8414296090958954e-05,6096264,2628999.7780914395
8,59400,14.0,106,85.38676767676768,6.9716445707332095e-06,6296400,2628999.7780914395
7,71150,98.0,31,75.16948699929726,2.5125698608663036e-05,2205650,3010660.921875
2,54984,71.0,54,61.38533027789902,2.6066518508028093e-05,2969136,2628999.7780914395
6,63371,74.0,8,58.48259061715927,1.80944916425291e-05,506968,3010660.921875
2,58320,96.0,87,17.99980495541838,3.720890798975803e-05,5073840,2274415.943082143
4,50283,68.0,46,69.13295746077203,1.4026760446894429e-05,2313018,2628999.7780914395
3,67743,34.0,93,39.072361720030116,2.9789801498292895e-05,6300099,1996164.7493421054
3,63681,63.0,13,76.91085253058212,6.970533468361046e-06,827853,2628999.7780914395
3,59955,93.0,27,27.243755733466767,1.2538268541947986e-05,1618785,1996164.7493421054
2,93218,86.0,52,30.974618635885772,2.935174718223227e-05,4847336,1996164.7493421054
4,51390,89.0,15,70.27705779334501,3.524537191634146e-05,770850,3010660.921875
2,131013,88.0,53,29.726702693625825,3.207530867541839e-05,6943689,1996164.7493421054
3,69138,78.0,14,46.89834823107408,2.7454480520642053e-05,967932,3010660.921875
2,55513,93.0,25,27.265158611496407,6.9702721197539e-06,1387825,1996164.7493421054
3,78804,92.0,15,31.713364803817065,2.273582112246613e-05,1182060,1996164.7493421054
3,66994,79.0,14,35.39577424844016,1.760212574977191e-05,937916,1996164.7493421054
3,98357,88.0,16,35.13864290289456,2.7383217334178403e-05,1573712,1996164.7493421054
4,102100,89.0,15,43.5708374142997,2.9085669423911994e-05,1531500,2395087.953125
3,62526,96.0,14,31.764304049515403,2.7224278497773175e-05,875364,1996164.7493421054
3,64015,21.0,9,50.645594782472855,1.5292662244142664e-05,576135,2628999.7780914395
3,55442,72.0,20,57.55976065077017,2.622814585575319e-05,1108840,3669635.28125
4,114297,61.0,112,18.374040875963498,3.306512756370507e-05,12801264,1334609.24919344
1,64984,72.0,50,45.308018127539086,1.2152309741249713e-05,3249200,2274415.943082143
1,46797,86.0,58,44.35948885612326,3.539203166254876e-05,2714226,1996164.7493421054
2,67371,92.0,12,31.593103857742946,2.178101621877612e-05,808452,1996164.7493421054
3,127776,75.0,6,37.159850050087655,1.6865562219455756e-05,766656,1996164.7493421054
2,67235,89.0,17,33.97239161151186,2.1504870281786255e-05,1142995,1996164.7493421054
3,58118,97.0,25,24.21413761657318,1.512850435122148e-05,1452950,1996164.7493421054
3,44558,78.0,116,37.63638964944567,1.6857460984324858e-05,5168728,2628999.7780914395
1,71714,87.0,17,33.06687676046518,1.5282382499816563e-05,1219138,1996164.7493421054
3,67236,91.0,25,8.167966193705753,1.7535190445961502e-05,1680900,1334609.24919344
2,55653,98.0,88,24.75386771602609,5.290256361119519e-05,4897464,1996164.7493421054
5,50759,62.0,44,61.999684784964245,1.559877497662885e-05,2233396,2628999.7780914395
2,56772,46.0,64,42.96985750017614,3.466715666084815e-05,3633408,997971.7780206897
3,75174,77.0,15,36.366908771649776,2.628531380333786e-05,1127610,1996164.7493421054
3,75214,88.0,13,31.034913712872605,1.8841088824723894e-05,977782,1996164.7493421054
3,134918,91.0,11,28.32907766198728,1.8162778209113964e-05,1484098,1996164.7493421054
2,64414,67.0,25,35.63164063712858,6.971141435092247e-06,1610350,1996164.7493421054
4,56500,98.0,102,24.429975663716814,3.203666176462997e-05,5763000,2628999.7780914395
4,59158,57.0,35,84.64452821258325,1.3617842868985328e-05,2070530,2628999.7780914395
5,73399,61.0,100,51.18606520524803,6.9709763572376515e-06,7339900,2628999.7780914395
7,89550,85.0,116,43.58749022892239,1.3237653476687019e-05,10387800,2628999.7780914395
6,89355,66.0,116,46.759929494712104,7.651558966247339e-06,10365180,2628999.7780914395
8,94948,81.0,48,39.423984707418796,6.97259063933714e-06,4557504,2628999.7780914395
7,106099,99.0,107,25.88677320238645,2.5548315288493074e-05,11352593,2628999.7780914395
2,89200,83.0,38,72.4432399103139,1.3845693636443685e-05,3389600,2274415.943082143
6,90803,88.0,14,48.744380692267875,6.972221368706249e-06,1271242,2628999.7780914395
5,137929,93.0,14,51.08675840468647,6.9709894299108665e-06,1931006,2628999.7780914395
5,50176,77.0,116,58.459995814732146,8.492174525948051e-06,5820416,2628999.7780914395
1,128800,97.0,39,14.045819099378882,4.362386521707047e-05,5023200,1334609.24919344
1,52311,96.0,56,17.789984420102847,5.227743305983496e-05,2929416,1334609.24919344
5,106465,60.0,15,54.51001737660264,6.971764354364823e-06,1596975,2628999.7780914395
1,52500,2.0,43,75.98855238095238,1.766431485043236e-05,2257500,1334609.24919344
4,79957,25.0,102,65.68694423252498,6.970503972577987e-06,8155614,2274415.943082143
6,96630,45.0,32,75.91747386939873,6.971191218316539e-06,3092160,2628999.7780914395
4,63540,72.0,110,55.37392980799496,2.1267830424081904e-05,6989400,2628999.7780914395
4,70000,72.0,17,64.99845714285715,6.971594051023629e-06,1190000,2628999.7780914395
4,52800,83.0,91,46.00418560606061,1.8311904261017093e-05,4804800,2628999.7780914395
1,123061,59.0,15,16.154058759477007,6.972060260784481e-06,1845915,1334609.24919344
1,59090,45.0,53,46.644351836182096,4.24894322911522e-05,3131770,1418871.6024444446
1,106000,93.0,53,7.201551886792453,6.9691477662374925e-06,5618000,1334609.24919344
1,119661,97.0,56,6.482723589975013,7.012756626486998e-06,6701016,1418871.6024444446
7,94472,81.0,15,45.96702726733847,6.970483330596875e-06,1417080,2628999.7780914395
6,61800,95.0,32,49.571270226537216,6.972406928078611e-06,1977600,2628999.7780914395
5,74880,56.0,42,68.57114716880342,6.972295350715707e-06,3144960,2628999.7780914395
6,88774,53.0,37,67.91539752630274,6.971164870371248e-06,3284638,2628999.7780914395
5,122250,93.0,33,45.28119427402863,6.971207953716527e-06,4034250,2628999.7780914395
4,53730,20.0,37,88.27226875116322,6.97046450154959e-06,1988010,2628999.7780914395
3,55593,55.0,56,75.99648337020848,2.2066938114700503e-05,3113208,2628999.7780914395
4,73096,54.0,34,64.23250246251504,6.971039622043138e-06,2485264,2628999.7780914395
4,58195,81.0,31,51.407762694389554,6.972683110020566e-06,1804045,2628999.7780914395
5,118248,95.0,7,47.96069278127326,7.135985397238283e-06,827736,2628999.7780914395
6,86700,96.0,12,37.34966551326413,6.9698871230331765e-06,1040400,2628999.7780914395
5,127800,56.0,102,21.65485915492958,1.067031473634422e-05,13035600,1334609.24919344
4,136143,97.0,10,50.81038687262657,1.7734785876096325e-05,1361430,2628999.7780914395
3,67380,66.0,62,40.8998070644108,2.6888460786209882e-05,4177560,1334609.24919344
5,67236,80.0,42,50.799590249271226,6.971035872947674e-06,2823912,2628999.7780914395
5,66762,69.0,44,54.41139795093017,6.970187788338356e-06,2937528,2628999.7780914395
5,66762,86.0,46,52.32158638147449,6.970897932527577e-06,3071052,2628999.7780914395
5,66400,75.0,45,52.4836671686747,6.970039876146208e-06,2988000,2628999.7780914395
4,98475,83.0,19,11.07384234577304,2.0577780330131698e-05,1871025,1334609.24919344
1,63225,100.0,8,103.16412020561486,6.971198310967724e-06,505800,5155351.229166667
3,94400,38.0,17,8.308945974576272,1.3055154841913422e-05,1604800,1334609.24919344
3,95426,73.0,28,52.30608534361704,6.992081617827444e-06,2671928,2628999.7780914395
4,53472,84.0,16,72.89306552962299,6.9707096782800695e-06,855552,2628999.7780914395
3,62332,70.0,15,86.84813578900084,6.971565838810157e-06,934980,2628999.7780914395
2,90000,87.0,49,15.879404166666667,1.2014164749219618e-05,4410000,1334609.24919344
2,63240,100.0,75,3.5984614658444025,3.581367523885352e-05,4743000,1334609.24919344
4,106041,94.0,19,10.599136183174432,2.2759161274192728e-05,2014779,1334609.24919344
1,22780,33.0,50,17.649311347673397,6.96428518685659e-06,1139000,1334609.24919344
1,50065,72.0,49,30.550489363827026,2.7884742844972762e-05,2453185,1418871.6024444446
1,57540,26.0,47,44.885071254779284,2.9690008893838088e-05,2704380,1418871.6024444446
1,85400,49.0,50,17.997637587822013,6.974633835789989e-06,4270000,1334609.24919344
1,55700,63.0,50,9.3322458491921,6.964135363508892e-06,2785000,1334609.24919344
1,53250,96.0,52,33.6936572769953,2.6156690167093762e-05,2769000,2628999.7780914395
6,50245,98.0,29,43.38182406209573,1.3134716056960992e-05,1457105,2628999.7780914395
3,64660,89.0,30,5.034225177853387,1.9415507214765617e-05,1939800,1334609.24919344
1,52613,80.0,36,20.174828464447952,3.0166047510582734e-05,1894068,1418871.6024444446
2,62220,32.0,102,87.500056252009,7.0808605807940426e-06,6346440,2628999.7780914395
1,65430,89.0,46,48.61753782668501,2.8368031831044226e-05,3009780,2628999.7780914395
3,59850,26.0,10,101.29942355889725,8.110153600569245e-06,598500,2628999.7780914395
2,98024,94.0,27,20.28416000163225,2.1248939753346332e-05,2646648,1418871.6024444446
5,77953,62.0,26,65.87353918386721,6.9717081074344106e-06,2026778,2628999.7780914395
6,86483,56.0,35,73.5547622076015,6.971914972820143e-06,3026905,2628999.7780914395
1,51600,75.0,40,21.793471414728682,1.965242551280548e-05,2064000,1418871.6024444446
1,140520,61.0,48,15.837688585254767,2.5940098278508496e-05,6744960,1334609.24919344
5,91649,95.0,30,50.58862071599253,1.2699517825966783e-05,2749470,2628999.7780914395
1,50417,14.0,36,36.642422198861496,3.175812939367252e-05,1815012,1334609.24919344
4,104500,91.0,16,62.0705980861244,6.971533802958585e-06,1672000,2628999.7780914395
2,104786,93.0,47,9.814067480388601,2.320161079079107e-05,4924942,1334609.24919344
1,53620,86.0,68,38.399016225289074,1.0743312658203718e-05,3646160,2628999.7780914395
1,50008,62.0,78,64.03401455767077,2.039214755545618e-05,3900624,2628999.7780914395
1,50832,63.0,59,50.185360599622285,4.200668967117006e-05,2999088,1334609.24919344
1,76354,70.0,45,37.234899284909766,7.13674320052859e-06,3435930,1504418.3375
1,98480,65.0,60,28.75269597887896,1.3949880375361262e-05,5908800,1334609.24919344
2,53002,75.0,112,64.93421474661334,1.8595768169754376e-05,5936224,2274415.943082143
7,94002,70.0,46,60.23525031382311,6.970746881884429e-06,4324092,2628999.7780914395
1,93020,60.0,42,13.462952859600087,6.97104013927707e-06,3906840,1334609.24919344
5,78920,88.0,112,35.86764761784085,6.970069592064578e-06,8839040,2628999.7780914395
7,99440,64.0,110,66.44039119066774,2.038647112667076e-05,10938400,2628999.7780914395
6,73260,82.0,109,38.94607562107562,6.971145800165044e-06,7985340,2628999.7780914395
4,69817,87.0,116,31.19690762994686,3.526050187906796e-05,8098772,2628999.7780914395
6,73470,83.0,107,43.72218592622839,6.9701510054108176e-06,7861290,2628999.7780914395
3,56700,37.0,106,41.826719576719576,1.3316045244194258e-05,6010200,2628999.7780914395
1,82852,83.0,94,25.99337976150244,3.0442001046153575e-05,7788088,1334609.24919344
2,92792,56.0,54,34.006121217346326,2.350819015457475e-05,5010768,1418871.6024444446
4,103200,80.0,116,42.389980620155036,6.971992705238321e-06,11971200,2628999.7780914395
1,78814,69.0,62,10.936798982414292,1.911893109165413e-05,4886468,1334609.24919344
6,64800,15.0,106,41.491909722222225,6.969973973246867e-06,6868800,1418871.6024444446
4,66842,31.0,112,83.90832859579307,2.4667472750109407e-05,7486304,2628999.7780914395
6,64488,81.0,107,44.83942749038581,6.978823179514491e-06,6900216,2628999.7780914395
3,60592,16.0,86,83.33520101663586,9.357461258377527e-06,5210912,2628999.7780914395
1,107930,57.0,23,66.90894561289724,1.390573196016192e-05,2482390,2274415.943082143
1,99084,83.0,90,16.330692896935933,3.0436737048917322e-05,8917560,1334609.24919344
1,72719,28.0,63,35.502987527331236,1.6554715435809954e-05,4581297,1418871.6024444446
1,56572,66.0,43,42.59048645973273,2.7927778739278065e-05,2432596,2274415.943082143
7,94500,68.0,29,61.30080423280423,6.9705706580750385e-06,2740500,2247036.2352941176
6,56700,55.0,116,54.07327160493827,6.970096914354078e-06,6577200,2628999.7780914395
4,72000,89.0,91,37.905107638888886,8.603355363553597e-06,6552000,2628999.7780914395
4,96254,93.0,16,53.00044154009184,6.9704927242541885e-06,1540064,2628999.7780914395
5,98668,91.0,34,44.50630396886528,6.9705247682488384e-06,3354712,2628999.7780914395
1,50660,51.0,38,52.536281089617056,2.2806790787709734e-05,1925080,2274415.943082143
2,61929,59.0,79,35.57342279061506,2.529701753474141e-05,4892391,2628999.7780914395
3,20565,65.0,91,39.01349380014588,6.967359975072057e-06,1871415,2628999.7780914395
5,103966,63.0,16,75.58213742954428,6.971263897907507e-06,1663456,2628999.7780914395
5,129362,95.0,30,42.62695768463691,2.117037884260556e-05,3880860,2628999.7780914395
6,112560,86.0,106,43.94810323383084,1.9774405607990704e-05,11931360,2628999.7780914395
6,86204,89.0,106,37.60750081202728,2.1289872627831003e-05,9137624,3241917.0
1,110613,95.0,56,9.176680751810366,6.97495585355378e-06,6194328,1418871.6024444446
3,98220,12.0,65,65.85308491142334,1.16402214564114e-05,6384300,1334609.24919344
1,84420,55.0,46,33.73983949301113,6.972537908128035e-06,3883320,1418871.6024444446
1,111908,87.0,29,13.89909791971977,2.1949052032722348e-05,3245332,1418871.6024444446
4,71037,5.0,15,67.81060574067035,6.971054140469854e-06,1065555,2628999.7780914395
2,51374,33.0,16,106.6988943823724,6.970657381699954e-06,821984,2628999.7780914395
5,110524,57.0,18,62.060710795845246,6.971660535240417e-06,1989432,2628999.7780914395
5,84210,85.0,42,56.41609072556704,1.3688223812457652e-05,3536820,2628999.7780914395
4,78920,80.0,87,105.21625063355296,1.322909584579294e-05,6866040,2274415.943082143
7,43983,93.0,37,117.71071777732305,2.1084469123257127e-05,1627371,2628999.7780914395
3,83118,59.0,76,29.39365119468707,1.1386978609302818e-05,6316968,2274415.943082143
3,77555,39.0,92,100.60222422796726,6.972387487102204e-06,7135060,2274415.943082143
6,51218,57.0,107,56.3501405755789,6.97124517283716e-06,5480326,2628999.7780914395
7,122356,91.0,106,37.47319706430416,9.116544663817055e-06,12969736,2628999.7780914395
3,52298,89.0,95,37.643028892118245,6.969224739147747e-06,4968310,2628999.7780914395
6,81300,83.0,106,49.848954489544894,7.755285339228963e-06,8617800,2628999.7780914395
6,62370,30.0,109,69.79357062690396,6.972163036049644e-06,6798330,2628999.7780914395
1,73296,83.0,56,32.148776877319364,3.1225906468479624e-05,4104576,1334609.24919344
1,115620,11.0,50,16.881648936170212,6.972849563076174e-06,5781000,1334609.24919344
1,71718,100.0,47,2.115986180596224,6.9849751977599535e-06,3370746,1418871.6024444446
1,55450,31.0,47,78.37146979260595,3.029202673540591e-05,2606150,1334609.24919344
1,54880,32.0,37,50.35708819241982,3.2396185116715643e-05,2030560,1418871.6024444446
6,79920,83.0,116,67.47519394394395,1.3805911507723291e-05,9270720,2628999.7780914395
6,68100,63.0,7,71.44715859030838,1.631675258190156e-05,476700,2628999.7780914395
2,123000,47.0,50,24.424967479674798,6.97007693380524e-06,6150000,1334609.24919344
1,60448,90.0,38,17.407436970619376,2.5887513337557633e-05,2297024,1334609.24919344
5,90266,18.0,29,86.10034232158287,6.9712382382067475e-06,2617714,3669635.28125
4,80874,87.0,12,14.412529057546307,1.2431377818548427e-05,970488,1334609.24919344
4,132828,83.0,28,8.158894397265637,6.975909697033519e-06,3719184,1334609.24919344
4,80360,96.0,29,8.536824135141861,2.3716537811852383e-05,2330440,1334609.24919344
1,61183,92.0,66,39.6306858114182,3.940241864616152e-05,4038078,1996164.7493421054
3,53552,3.0,95,132.03985845533313,6.970726977243737e-06,5087440,2628999.7780914395
3,56986,32.0,16,35.04687993542274,1.2818063856489759e-05,911776,2137021.729333333
2,22220,90.0,59,35.0295145139514,4.077826553135684e-05,1310980,997971.7780206897
1,46732,87.0,61,49.90055529401695,3.819974482759138e-05,2850652,1996164.7493421054
1,44100,1.0,40,36.71012188208617,6.973800607829418e-06,1764000,1334609.24919344
1,27800,13.0,51,44.03547661870503,1.992343893749828e-05,1417800,1418871.6024444446
1,46340,3.0,15,55.3302546396202,6.969567910190468e-06,695100,1334609.24919344
3,38460,69.0,106,50.720573322932914,1.8465040927978526e-05,4076760,2628999.7780914395
2,21022,54.0,94,44.96459066692037,4.637947940779943e-05,1976068,997971.7780206897
2,51489,93.0,62,38.533815475150035,3.5664106963088014e-05,3192318,1996164.7493421054
1,48001,49.0,49,44.65846024041166,4.033306265024748e-05,2352049,1418871.6024444446
1,37351,10.0,47,68.52458434847796,3.0100078659116513e-05,1755497,1334609.24919344
1,30375,73.0,35,11.386557613168725,6.968002664321351e-06,1063125,1334609.24919344
2,33589,90.0,102,15.178665262437107,4.3013816079895267e-05,3426078,997971.7780206897
3,43500,46.0,37,74.03759195402299,7.0327740466729345e-06,1609500,2628999.7780914395
2,28492,12.0,38,66.55548487294679,1.9923019782416948e-05,1082696,2628999.7780914395
2,37327,92.0,91,52.709201784231254,3.611733330215973e-05,3396757,1996164.7493421054
2,47602,78.0,86,47.25836099323558,3.715784080894651e-05,4093772,1996164.7493421054
3,64630,96.0,74,21.790056862138325,6.972988810642968e-06,4782620,2628999.7780914395
2,20920,15.0,68,49.81398183556405,4.048522778578238e-05,1422560,997971.7780206897
2,22128,94.0,90,27.492755219631235,4.148861359259607e-05,1991520,997971.7780206897
1,48139,98.0,48,17.84907507426411,2.7955046725341813e-05,2310672,2274415.943082143
2,21364,86.0,67,45.1999215970792,4.535799613965136e-05,1431388,997971.7780206897
1,25735,82.0,20,45.43986302700602,1.5478090751851465e-05,514700,2274415.943082143
2,49965,82.0,13,67.59150905633943,8.746865663289051e-06,649545,2274415.943082143
2,20028,95.0,87,25.55409458258438,2.7784431544509766e-05,1742436,2628999.7780914395
7,23622,100.0,116,23.368364236728475,1.8025117412353997e-05,2740152,2628999.7780914395
3,23563,67.0,114,37.48239559903238,6.9746559430388e-06,2686182,2628999.7780914395
2,26160,55.0,38,83.56339831804281,6.971578694324865e-06,994080,2274415.943082143
5,26840,24.0,110,74.11650521609538,6.972347378734189e-06,2952400,2628999.7780914395
2,46800,86.0,110,26.606570512820515,6.970837725242183e-06,5148000,2274415.943082143
3,37350,51.0,37,55.3508032128514,7.076683826294742e-06,1381950,2628999.7780914395
3,28800,50.0,108,46.70228298611111,2.1419664270368057e-05,3110400,2628999.7780914395
3,28584,75.0,62,59.3681342709208,3.5610345739450185e-05,1772208,2628999.7780914395
2,26270,32.0,85,59.40090407308717,2.1647438650771157e-05,2232950,2274415.943082143
3,49800,50.0,90,47.89949799196787,6.971591707033845e-06,4482000,2628999.7780914395
5,57800,87.0,26,42.267564878892735,2.7133945767514806e-05,1502800,3010660.921875
2,31890,2.0,61,58.26982204452806,6.969017537371188e-06,1945290,3669635.28125
2,30438,53.0,91,47.37172284644195,2.8913229449604877e-05,2769858,2628999.7780914395
4,26670,51.0,64,58.238034308211475,6.97266392218623e-06,1706880,2247036.2352941176
4,44416,61.0,49,60.10366196865994,2.7262876328973916e-05,2176384,3010660.921875
2,45991,77.0,88,24.9078243569394,3.1801713739619215e-05,4047208,997971.7780206897
3,21499,85.0,95,28.146922531280524,6.97370020587495e-06,2042405,2395087.953125
2,20384,16.0,27,87.86653134811617,7.766301329002033e-06,550368,2628999.7780914395
2,54284,18.0,60,124.87462235649546,9.383813460232901e-06,3257040,2274415.943082143
1,23409,67.0,60,108.73616984920329,1.116128867508314e-05,1404540,2274415.943082143
4,32356,81.0,89,57.3975383236494,4.034128012218691e-05,2879684,3669635.28125
7,48220,24.0,56,82.82690273745334,3.162312050718678e-05,2700320,3010660.921875
5,32256,51.0,38,107.27540612599206,2.865378782700973e-05,1225728,2628999.7780914395
2,23931,88.0,106,20.74620001253604,3.7584799003277716e-05,2536686,997971.7780206897
2,21393,57.0,68,39.54384027485626,3.858332184492466e-05,1454724,997971.7780206897
2,47560,80.0,26,23.81180876787216,2.9342432165769287e-05,1236560,1418871.6024444446
6,62334,100.0,10,17.273610710045883,3.248715501262731e-05,623340,2578887.625
2,21600,72.0,59,58.40447916666667,3.0811627168213685e-05,1274400,1996164.7493421054
3,22860,43.0,21,40.732660761154854,6.969886252047035e-06,480060,1996164.7493421054
1,26366,88.0,44,33.680948001213686,3.628248141430734e-05,1160104,997971.7780206897
2,21732,2.0,51,39.58973805908338,2.7418621489286477e-05,1108332,997971.7780206897
1,38624,83.0,58,36.87233973695112,2.7230139087520007e-05,2240192,1996164.7493421054
3,32960,71.0,116,24.68570995145631,6.968675374028595e-06,3823360,2274415.943082143
3,20571,72.0,86,34.81987688979631,6.966552433472435e-06,1769106,3010660.921875
2,47992,17.0,90,63.347964244040675,3.8934996121137605e-05,4319280,997971.7780206897
3,28572,16.0,23,95.12331128377433,3.2956036327434795e-05,657156,2395087.953125
2,31386,52.0,16,35.94529806283056,2.4056463551388614e-05,502176,997971.7780206897
2,57619,68.0,4,45.847407105295126,7.601218428374273e-06,230476,2628999.7780914395
1,55206,75.0,45,42.49089772850777,2.636254251034583e-05,2484270,1996164.7493421054
3,78374,98.0,35,42.37420254165922,6.97071689156011e-06,2743090,2578887.625
5,39960,77.0,116,54.52178428428429,2.2940385520568432e-05,4635360,2628999.7780914395
6,35820,94.0,107,92.73040201005026,3.93123440700168e-05,3832740,3010660.921875
3,49744,98.0,51,42.15253095850756,4.258321647072458e-05,2536944,1996164.7493421054
2,37816,60.0,93,37.32032737465623,3.078709747818598e-05,3516888,997971.7780206897
2,25762,100.0,70,73.99987869730612,6.971310029932964e-06,1803340,5155351.229166667
3,43387,60.0,35,61.92557678567313,1.2710452905259671e-05,1518545,2628999.7780914395
1,37500,36.0,31,48.30683666666667,7.264672198572859e-06,1162500,1334609.24919344
2,39000,25.0,26,67.05763461538461,1.2970090500985998e-05,1014000,2247036.2352941176
1,51704,62.0,45,34.8020027464026,2.316324124768621e-05,2326680,1996164.7493421054
1,29740,57.0,55,49.32953093476799,1.351001092150101e-05,1635700,2628999.7780914395
2,39170,81.0,46,54.39555144243043,2.959627207121691e-05,1801820,2628999.7780914395
1,20000,75.0,102,27.893184375,6.9730295897777e-06,2040000,2274415.943082143
2,32400,91.0,61,7.673333333333333,6.958522379895099e-06,1976400,1334609.24919344
1,26680,92.0,61,9.127368931784108,6.98099763532626e-06,1627480,1418871.6024444446
1,31521,6.0,63,56.728783985279655,3.451056623948353e-05,1985823,1334609.24919344
1,35579,72.0,18,30.82285196323674,3.560856566098685e-05,640422,1418871.6024444446
1,49950,77.0,41,4.784178240240241,6.988333576751219e-06,2047950,1418871.6024444446
3,62078,97.0,15,31.492855762105737,2.592820970289975e-05,931170,1996164.7493421054
2,22612,87.0,69,32.34219938528215,4.320943182588308e-05,1560228,997971.7780206897
1,30545,12.0,78,51.63008266492061,3.901610983925829e-05,2382510,1334609.24919344
3,32691,99.0,94,29.73265768866049,3.0679318113059897e-05,3072954,1996164.7493421054
2,24227,55.0,53,44.85401102076196,4.3794016742538184e-05,1284031,997971.7780206897
1,27000,61.0,60,24.121974537037037,2.894241294700842e-05,1620000,1418871.6024444446
3,95501,88.0,17,31.51764902985309,2.0910528254960934e-05,1623517,1996164.7493421054
2,21183,99.0,59,17.067558598876456,6.97014273915786e-06,1249797,2628999.7780914395
3,25558,91.0,55,29.564840265278974,8.178733786764495e-06,1405690,2628999.7780914395
5,82234,62.0,31,57.21400515601819,6.971401208071564e-06,2549254,2628999.7780914395
3,21118,49.0,28,64.46764608390946,2.901365863888113e-05,591304,2395087.953125
5,126842,98.0,3,35.395697008877185,1.609475637470179e-05,380526,2628999.7780914395
2,20500,48.0,116,64.69161585365853,8.49810427992092e-06,2378000,2628999.7780914395
2,25521,82.0,86,23.713267994984523,2.556237588403819e-05,2194806,997971.7780206897
1,23190,79.0,30,73.54528891763691,3.995273569087113e-05,695700,1996164.7493421054
1,20678,98.0,56,37.2537479446755,4.235830478507347e-05,1157968,2628999.7780914395
3,28820,43.0,94,90.06882373351839,4.100881294607197e-05,2709080,1996164.7493421054
2,27876,69.0,62,65.64720099727364,3.768890817263099e-05,1728312,997971.7780206897
1,48789,94.0,91,26.6106627518498,2.2652566644211153e-05,4439799,1996164.7493421054
1,33105,79.0,91,52.11708956351004,4.043849423554394e-05,3012555,1996164.7493421054
1,22320,62.0,39,19.671411572580645,6.969340948803248e-06,870480,1334609.24919344
2,40029,69.0,34,36.771197132079244,6.970514756549167e-06,1360986,2628999.7780914395
2,28304,67.0,46,44.84763637648389,6.971976200745647e-06,1301984,2628999.7780914395
2,25872,41.0,47,92.7393900742115,3.415920163494041e-05,1215984,2628999.7780914395
1,20500,65.0,47,10.85854116097561,6.963159689378352e-06,963500,1334609.24919344
2,21436,95.0,58,24.944191430304162,6.97582621402812e-06,1243288,2628999.7780914395
3,23307,94.0,31,48.31841292315613,2.4943230618992153e-05,722517,2628999.7780914395
2,25920,5.0,100,18.46798201388889,6.977374387437136e-06,2592000,2274415.943082143
2,25920,93.0,97,39.03038194444444,1.3551883400425536e-05,2514240,2274415.943082143
2,25920,75.0,97,69.20722897376544,2.59107307593975e-05,2514240,2628999.7780914395
5,27730,79.0,15,46.570690587811036,6.96915240200549e-06,415950,2628999.7780914395
2,20516,98.0,105,49.804865714564244,4.1143216733564766e-05,2154180,2274415.943082143
3,27480,88.0,110,44.21965975254731,6.9702970297029706e-06,3022800,2274415.943082143
1,46958,95.0,69,38.733929788321475,1.666970999748951e-05,3240102,2628999.7780914395
1,26532,5.0,32,72.9015622644354,3.4396218535673926e-05,849024,1418871.6024444446
2,35600,47.0,30,61.04336376404494,8.439386487893403e-06,1068000,2628999.7780914395
3,62000,81.0,67,29.02684072580645,4.5752981823761146e-05,4154000,997971.7780206897
2,23600,82.0,35,32.89189353813559,6.969415970832157e-06,826000,2628999.7780914395
3,40067,43.0,30,57.49701125614595,6.97129473894053e-06,1202010,2628999.7780914395
3,19497,67.0,27,55.13612350618044,6.967513155948573e-06,526419,2628999.7780914395
3,25262,54.0,37,58.17260114005225,1.6229388973712303e-05,934694,2628999.7780914395
3,34106,57.0,36,47.47484680114936,6.972677556817633e-06,1227816,2628999.7780914395
3,34545,29.0,36,66.98447676943118,6.970677669360619e-06,1243620,2628999.7780914395
3,70296,86.0,36,39.576455274837826,6.9696392951067135e-06,2530656,2628999.7780914395
4,27838,77.0,114,43.73550991450535,6.973253691219768e-06,3173532,2628999.7780914395
2,39815,62.0,65,51.50322114780862,1.961376440538218e-05,2587975,2628999.7780914395
1,48112,73.0,44,30.88514040156302,6.971990147353112e-06,2116928,1334609.24919344
2,26275,27.0,15,67.44770694576594,6.968784641137215e-06,394125,2628999.7780914395
1,26115,43.0,18,64.68974248516179,2.174771832827586e-05,470070,2274415.943082143
1,26033,78.0,67,44.14167594975608,3.94468821364494e-05,1744211,997971.7780206897
4,48660,82.0,9,38.666587032470204,3.2941519435556256e-05,437940,1996164.7493421054
4,29796,47.0,107,74.9517384883877,3.563397398066147e-05,3188172,2395087.953125
2,26400,36.0,96,37.257419507575754,1.7405522364558513e-05,2534400,2274415.943082143
3,38148,98.0,98,33.088386022858344,6.971645801573889e-06,3738504,2628999.7780914395
5,31945,4.0,61,56.549319142275785,6.969401063290354e-06,1948645,997971.7780206897
5,52908,43.0,31,84.69344900582142,6.971718789786387e-06,1640148,2628999.7780914395
4,34680,92.0,116,33.735550028835064,2.25479938172512e-05,4022880,2274415.943082143
1,36504,2.0,101,57.554863850536925,9.881090170778414e-06,3686904,2274415.943082143
6,35200,8.0,109,85.17637073863636,6.970829994881109e-06,3836800,2628999.7780914395
5,35840,83.0,109,42.933890206473215,3.142159568578567e-05,3906560,2628999.7780914395
2,25920,60.0,75,51.444140625,6.974483234382853e-06,1944000,1378786.5625
4,30525,17.0,88,94.45172809172809,2.553120054218683e-05,2686200,2628999.7780914395
2,20570,2.0,54,143.2550437530384,2.9031922813432566e-05,1110780,2247036.2352941176
3,73549,90.0,106,38.463480128893664,3.798228353589079e-05,7796194,2628999.7780914395
3,37796,55.0,54,65.24456291671076,5.004494150102789e-05,2040984,997971.7780206897
1,36444,80.0,56,4.426273016134343,6.94310585599662e-06,2040864,1334609.24919344
1,27553,63.0,66,35.08427848147207,3.269964622365508e-05,1818498,1334609.24919344
2,45271,57.0,52,56.410582933887035,3.239140977619893e-05,2354092,2274415.943082143
3,16200,62.0,96,84.70452932098766,2.606737454370025e-05,1555200,2628999.7780914395
3,26176,95.0,90,36.93869861705379,3.318828755443095e-05,2355840,2628999.7780914395
1,37740,1.0,90,197.19964228934816,9.873272622381117e-06,3396600,2628999.7780914395
3,23241,66.0,7,31.806312120820962,2.7921681307286625e-05,162687,997971.7780206897
4,38038,84.0,17,52.679103790945895,6.971726703821761e-06,646646,2628999.7780914395
4,40000,92.0,9,63.10570625,3.082130152057366e-05,360000,2628999.7780914395
6,29910,92.0,3,248.39261116683383,1.1644242089863507e-05,89730,2628999.7780914395
4,35780,77.0,90,53.45893655673561,6.968984490088476e-06,3220200,2628999.7780914395
4,17824,41.0,52,31.685041937836626,6.976486562129298e-06,926848,2628999.7780914395
4,47686,72.0,97,43.443992995847836,3.739977440907886e-05,4625542,2628999.7780914395
4,47265,91.0,26,36.32986089072252,6.970930506389037e-06,1228890,2843841.6666666665
4,36160,47.0,106,51.49825428650443,6.970336800042155e-06,3832960,2628999.7780914395
5,66900,100.0,107,24.427178624813155,8.646547584389892e-06,7158300,2628999.7780914395
3,36959,13.0,16,86.72265212803377,7.007401294622069e-06,591344,2628999.7780914395
5,44860,68.0,52,80.26239968791796,1.1448183395898636e-05,2332720,2628999.7780914395
2,21128,97.0,57,20.664714776599773,6.962829811194043e-06,1204296,2628999.7780914395
4,38520,37.0,57,72.80721703011423,2.6831552051071585e-05,2195640,3010660.921875
3,24930,95.0,55,34.78477236261532,3.484841386815808e-05,1371150,3010660.921875
1,27338,56.0,56,21.263040456507426,6.9672744538430965e-06,1530928,997971.7780206897
3,45864,94.0,86,56.484868306296875,4.4556867038109e-05,3944304,2628999.7780914395
2,49252,23.0,17,70.77612076666938,3.0095825556092166e-05,837284,1996164.7493421054
1,34005,94.0,66,29.169769151595354,1.0232700686951946e-05,2244330,1996164.7493421054
1,41221,83.0,67,54.50492467431649,2.0678781215957735e-05,2761807,1996164.7493421054
3,33176,89.0,29,42.99130395466602,2.521244959350534e-05,962104,2628999.7780914395
2,75605,83.0,16,30.088929303617487,2.2273765991823283e-05,1209680,1996164.7493421054
2,29525,77.0,8,43.956401354784084,1.8816273765225378e-05,236200,1996164.7493421054
1,29380,33.0,39,29.13848281143635,6.9735770639400795e-06,1145820,1334609.24919344
2,22688,87.0,94,14.618961565585332,2.1316047335494083e-05,2132672,997971.7780206897
2,41262,84.0,34,46.13096493141389,6.9715301385696686e-06,1402908,2628999.7780914395
3,45680,79.0,108,45.46933833187391,4.179506707714677e-05,4933440,997971.7780206897
1,23562,96.0,59,22.56757437823614,6.9771309722436895e-06,1390158,997971.7780206897
2,54528,75.0,28,36.16634802303404,6.972338640909918e-06,1526784,1996164.7493421054
2,45594,75.0,102,29.636967035136202,6.971230630344113e-06,4650588,1504418.3375
1,28126,44.0,41,30.954483840574557,2.1398400705010108e-05,1153166,1334609.24919344
1,35000,53.0,52,10.820411608571428,6.970952137238515e-06,1820000,1334609.24919344
1,26150,6.0,54,46.21061663479924,2.197106295154336e-05,1412100,1334609.24919344
2,24000,73.0,49,45.356510416666666,6.972538166952787e-06,1176000,2628999.7780914395
5,43594,38.0,48,56.84372849474698,2.9563621814046598e-05,2092512,1996164.7493421054
1,22047,100.0,54,12.054923858121285,6.9607775457618524e-06,1190538,997971.7780206897
1,31600,3.0,37,106.44099683544304,3.070578562349052e-05,1169200,1334609.24919344
1,35289,63.0,9,24.835642834877724,2.7269874775365832e-05,317601,1334609.24919344
1,28920,50.0,35,60.526244813278005,4.575475928906165e-05,1012200,1334609.24919344
1,22176,60.0,38,33.208361516955264,4.449854186480055e-05,842688,1334609.24919344
1,31300,89.0,38,11.593418530351437,2.5022459586523147e-05,1189400,1334609.24919344
1,22000,14.0,37,31.846710227272727,6.965183538116985e-06,814000,1334609.24919344
3,39927,38.0,42,89.37359430961504,6.9722744200899025e-06,1676934,2628999.7780914395
2,20580,64.0,36,48.73639455782313,6.9691274632475734e-06,740880,2247036.2352941176
2,38745,76.0,48,74.60005161956381,1.716729882136564e-05,1859760,2247036.2352941176
3,38378,86.0,49,42.87886614727187,3.265060322414832e-05,1880522,2247036.2352941176
2,33576,64.0,36,37.980454789135095,3.899683332068857e-05,1208736,1334609.24919344
2,21765,80.0,106,19.820372446588557,4.028833220716898e-05,2307090,997971.7780206897
2,26560,1.0,115,65.94442300451807,3.7042876001356274e-05,3054400,997971.7780206897
2,20140,49.0,59,5.78384317775571,6.953589416072381e-06,1188260,1334609.24919344
1,38582,85.0,61,47.920753200974545,3.490764806881578e-05,2353502,1996164.7493421054
1,25500,98.0,49,47.60273529411765,4.555678234835327e-05,1249500,2628999.7780914395
3,35448,97.0,94,38.92835985104942,4.3726776490879083e-05,3332112,1996164.7493421054
3,41478,3.0,41,73.19451878104056,2.5764483731640602e-05,1700598,1334609.24919344
1,39840,2.0,36,18.878112449799197,6.967121568293747e-06,1434240,1334609.24919344
1,40445,92.0,41,19.440071393250093,3.718901477330114e-05,1658245,997971.7780206897
1,23500,53.0,20,48.42414893617021,1.1678716659307054e-05,470000,2274415.943082143
1,22420,82.0,49,62.63397636039251,2.2638358629984073e-05,1098580,2274415.943082143
3,25859,88.0,34,33.21012510151205,1.7350181834854507e-05,879206,2628999.7780914395
1,25600,1.0,42,67.6015869140625,1.9796595184980936e-05,1075200,1334609.24919344
4,33385,89.0,8,38.77835105586341,6.975045288551945e-06,267080,2628999.7780914395
1,56884,71.0,56,24.406601592715,2.7003372090207037e-05,3185504,1334609.24919344
1,32810,66.0,27,61.50465559280707,2.301325182228507e-05,885870,2274415.943082143
2,20022,80.0,55,32.8331741334532,6.96698941917004e-06,1101210,2628999.7780914395
2,36498,89.0,56,14.247679667379035,2.8480122266453325e-05,2043888,1418871.6024444446
4,24472,96.0,9,34.531061008499506,7.029218740500681e-06,220248,2628999.7780914395
4,22365,71.0,37,32.52339872568746,6.9701661936113175e-06,827505,2628999.7780914395
4,30172,82.0,22,29.963538214238365,6.968564996870367e-06,663784,2628999.7780914395
4,42500,100.0,89,5.681849265882353,6.957138409508164e-06,3782500,1334609.24919344
2,23500,26.0,48,71.76191489361702,2.046957877852592e-05,1128000,2628999.7780914395
1,22282,93.0,50,26.02496690153487,2.874691495010947e-05,1114100,2628999.7780914395
2,37500,58.0,85,59.62041333333333,1.9796351629900363e-05,3187500,2628999.7780914395
3,23983,61.0,86,48.549587207605384,2.8582108828011156e-05,2062538,1996164.7493421054
1,24100,22.0,36,33.60459802904564,3.7647979812829715e-05,867600,1418871.6024444446
4,29722,64.0,33,43.29511388870197,6.970686108430888e-06,980826,2628999.7780914395
4,26048,78.0,33,67.40588528869779,6.971226887520906e-06,859584,2628999.7780914395
2,39497,9.0,61,43.04269628073018,1.663473269541859e-05,2409317,1334609.24919344
2,27574,73.0,34,43.930849713498226,6.96743734311141e-06,937516,2628999.7780914395
1,24982,99.0,51,13.419462012649108,6.979969872779608e-06,1274082,2274415.943082143
5,43661,4.0,18,90.15875724330638,2.0975904130185245e-05,785898,2578887.625
3,48798,91.0,29,50.66499139308988,6.973122032365761e-06,1415142,2628999.7780914395
1,41615,69.0,50,45.65676438784092,6.973661270851083e-06,2080750,2274415.943082143
3,28841,55.0,28,50.59463090738879,2.2902964450206355e-05,807548,2247036.2352941176
2,42975,92.0,92,22.32349040139616,4.478022665299077e-05,3953700,1996164.7493421054
2,30659,88.0,28,85.42641638670537,2.132421260297237e-05,858452,2628999.7780914395
2,34759,81.0,37,46.983669697056875,6.974442785114218e-06,1286083,2247036.2352941176
1,21603,16.0,51,270.0458269684766,2.2265075936782196e-05,1101753,5155351.229166667
1,42900,53.0,37,10.169055944055945,6.968441441596323e-06,1587300,1418871.6024444446
2,25840,92.0,60,12.1334401625387,6.985019981644784e-06,1550400,1334609.24919344
5,48237,89.0,15,41.07044903290006,9.65112958471245e-06,723555,2628999.7780914395
1,50546,94.0,45,22.852065445336923,1.0518747394662103e-05,2274570,1996164.7493421054
2,40657,57.0,19,69.52869124627985,8.348580104626105e-06,772483,2628999.7780914395
7,33548,94.0,46,41.84511744366281,6.973828553518257e-06,1543208,2628999.7780914395
3,21282,69.0,60,58.54354618926793,4.994687676513109e-05,1276920,2628999.7780914395
3,20590,100.0,31,19.892103268576978,6.9827900006651305e-06,638290,2628999.7780914395
1,21936,100.0,39,5.157275711159738,2.3777954565544064e-05,855504,1334609.24919344
2,66484,69.0,28,45.82370194332471,6.971836602995592e-06,1861552,2628999.7780914395
3,25151,85.0,57,53.949137211244086,4.57300867305549e-05,1433607,2628999.7780914395
6,35770,56.0,88,73.83226866088901,4.253723593730018e-05,3147760,3010660.921875
2,21315,34.0,43,131.19516772226132,3.9571953476313506e-05,916545,2628999.7780914395
4,41298,69.0,32,53.0403409366071,1.1098125507884189e-05,1321536,2628999.7780914395
3,34030,50.0,37,51.38495077872466,1.2729966654607227e-05,1259110,2628999.7780914395
1,41308,7.0,64,39.761583712598046,2.348290366073323e-05,2643712,1418871.6024444446
1,38255,12.0,59,25.758771729185728,3.430072846552634e-05,2257045,1334609.24919344
3,48924,71.0,27,46.65504149292781,2.5953415065707726e-05,1320948,2628999.7780914395
4,32297,88.0,57,49.60474270056042,6.972167118226841e-06,1840929,2628999.7780914395
3,35224,73.0,16,56.636604303883715,6.972543791748012e-06,563584,2628999.7780914395
2,24224,52.0,59,39.96145609725892,2.7612885780932736e-05,1429216,997971.7780206897
1,23706,78.0,53,16.905884851936218,3.273690727983864e-05,1256418,997971.7780206897
1,67450,97.0,57,42.14706449221646,1.9649506414318602e-05,3844650,5155351.229166667
2,37616,100.0,37,32.8077280944279,4.908048040042282e-05,1391792,2628999.7780914395
2,20671,98.0,76,30.88902931643365,3.877795412228172e-05,1570996,2628999.7780914395
1,21600,57.0,89,23.140212675925923,2.8729848948469664e-05,1922400,1334609.24919344
1,35844,14.0,39,24.16377566677826,6.973578191750598e-06,1397916,997971.7780206897
3,31774,85.0,100,51.587343425442185,1.1512160749297077e-05,3177400,2628999.7780914395
1,26094,19.0,63,27.20896805779106,6.971921203557828e-06,1643922,1334609.24919344
2,23687,68.0,33,45.78687676784734,6.970608879458487e-06,781671,2628999.7780914395
2,24221,20.0,33,59.269342719128026,6.972875271387475e-06,799293,2628999.7780914395
2,57836,37.0,116,93.04075316411924,6.9706872473218785e-06,6708976,2628999.7780914395
2,32027,54.0,116,124.87917226090487,3.210647116915273e-05,3715132,2628999.7780914395
3,34425,84.0,102,58.631394335511985,2.4806952783926462e-05,3511350,2628999.7780914395
2,52609,67.0,45,34.25158718090061,2.5811045223853654e-05,2367405,1996164.7493421054
3,28304,5.0,32,69.30403829847371,6.968866702709013e-06,905728,2247036.2352941176
1,29619,50.0,26,43.22440831898444,3.3157230297272735e-05,770094,1418871.6024444446
2,21592,47.0,94,66.31085587254539,3.788280913880865e-05,2029648,1996164.7493421054
2,23923,69.0,85,33.67652468335911,2.4216666552885986e-05,2033455,1996164.7493421054
3,25200,47.0,109,69.38270833333333,2.1207424829244627e-05,2746800,2628999.7780914395
2,28296,80.0,53,46.94872950240317,6.970470534989259e-06,1499688,2628999.7780914395
3,31357,55.0,17,62.66784529770067,1.143976329155271e-05,533069,2628999.7780914395
1,38412,62.0,92,42.39664688118297,4.117184717599813e-05,3533904,1334609.24919344
1,24291,98.0,63,26.9821075707052,2.9919637699277508e-05,1530333,2628999.7780914395
1,36544,5.0,50,34.74846075963222,6.969339434589698e-06,1827200,1334609.24919344
1,21349,70.0,69,30.903643027776475,2.5827500262878935e-05,1473081,1418871.6024444446
1,38630,33.0,80,10.791757540771421,6.980332358033142e-06,3090400,1334609.24919344
1,22803,78.0,31,33.50850765250186,2.813788085112509e-05,706893,1334609.24919344
1,41550,94.0,65,15.466791516245488,6.971187347450572e-06,2700750,1504418.3375
2,64493,85.0,16,30.852400648132356,1.435848763713232e-05,1031888,1996164.7493421054
2,42252,49.0,104,52.15749550317145,4.644338297504014e-05,4394208,1996164.7493421054
3,22895,96.0,35,19.23647903472374,2.9335688286741593e-05,801325,997971.7780206897
2,36740,100.0,14,34.49817977681002,6.974561883210606e-06,514360,2274415.943082143
1,41428,90.0,55,33.90707371825818,3.151557563177535e-05,2278540,1996164.7493421054
1,52325,67.0,79,15.46045269947444,2.2287650217394984e-05,4133675,1334609.24919344
1,25880,100.0,72,6.296754250386399,6.995581737849779e-06,1863360,2274415.943082143
1,45842,99.0,56,17.873448475197417,1.531693312892449e-05,2567152,1334609.24919344
1,20520,20.0,50,56.91460769980507,3.497767657893492e-05,1026000,1334609.24919344
1,22972,12.0,71,21.56890997736375,6.962930970107835e-06,1631012,1334609.24919344
1,24990,80.0,63,20.952944929971988,1.661528996834653e-05,1574370,1334609.24919344
1,24354,10.0,50,30.21712295721442,2.3494790660345107e-05,1217700,1418871.6024444446
1,33600,58.0,57,25.220814732142856,1.8113817612442482e-05,1915200,1418871.6024444446
1,25520,100.0,59,63.11891653605016,3.66278819818602e-05,1505680,1504418.3375
1,41526,79.0,46,43.70628040263931,3.0876934698368604e-05,1910196,1996164.7493421054
2,24291,87.0,42,37.89183751183566,6.974996078601795e-06,1020222,2628999.7780914395
2,20738,44.0,58,25.40036707975697,6.967214816722027e-06,1202804,2274415.943082143
2,21329,1.0,30,124.44634066294716,6.969780538564361e-06,639870,2247036.2352941176
1,23143,75.0,33,49.25811800544441,3.409707072872401e-05,763719,2628999.7780914395
1,28800,73.0,54,73.185546875,2.852339142270022e-05,1555200,2628999.7780914395
1,39600,85.0,64,10.228545613636363,6.962096460437497e-06,2534400,1334609.24919344
1,39600,91.0,64,11.828204704545454,1.9748208998792016e-05,2534400,1334609.24919344
1,41248,37.0,79,26.869445185221103,1.4887519713275392e-05,3258592,1418871.6024444446
2,35864,75.0,68,34.24362870845416,3.553417497649851e-05,2438752,997971.7780206897
1,20484,69.0,62,40.15996021284905,4.665486416921931e-05,1270008,997971.7780206897
4,27642,4.0,32,66.90294660299544,6.970087159885499e-06,884544,2247036.2352941176
2,34110,31.0,56,75.16814717091762,6.969618197918827e-06,1910160,2628999.7780914395
1,43390,87.0,46,12.301055830836598,6.969648888714544e-06,1995940,1334609.24919344
1,35400,84.0,57,11.863804731638417,2.21201700860118e-05,2017800,1334609.24919344
1,28144,19.0,50,30.510979249573623,9.572598611158017e-06,1407200,1418871.6024444446
3,71283,41.0,100,34.948560666638606,1.7328732007065163e-05,7128300,1334609.24919344
2,47368,99.0,37,22.011751076676237,6.972600294369373e-06,1752616,2628999.7780914395
5,49825,84.0,32,52.22706974410436,1.6124732259215832e-05,1594400,2628999.7780914395
1,36071,97.0,48,42.13778728064096,3.339578869959473e-05,1731408,2274415.943082143
3,51672,97.0,27,27.80055687799969,1.4131467724345534e-05,1395144,1996164.7493421054
2,27270,36.0,26,77.33266409974331,6.970584961294878e-06,709020,2247036.2352941176
2,36000,95.0,109,29.06076736111111,1.7243560876568386e-05,3924000,2628999.7780914395
1,36000,59.0,103,32.28230902777778,2.2819515978017284e-05,3708000,2843841.6666666665
2,43200,38.0,101,44.67248842592593,2.5483826087136755e-05,4363200,1334609.24919344
4,40970,71.0,103,71.08749694898707,1.608608683104862e-05,4219910,2628999.7780914395
1,43794,88.0,41,26.591262501712563,2.0179680735983012e-05,1795554,2274415.943082143
1,48280,18.0,48,55.961759527754765,2.908024966377002e-05,2317440,1334609.24919344
1,64314,86.0,68,45.656252915383895,3.6797556819318633e-05,4373352,1996164.7493421054
2,20385,65.0,66,39.7003587196468,4.206146593136329e-05,1345410,997971.7780206897
1,24295,53.0,70,8.895451739040954,6.987020799111584e-06,1700650,997971.7780206897
2,20317,83.0,49,30.565256312447705,6.972688658883651e-06,995533,2628999.7780914395
1,32000,3.0,50,68.317140625,1.9106661784412175e-05,1600000,1334609.24919344
1,36000,44.0,43,76.99501388888889,4.488025108407994e-05,1548000,1334609.24919344
1,48020,71.0,37,49.42874323198667,2.4916073089535133e-05,1776740,1334609.24919344
1,27420,55.0,37,42.900884390955504,3.319612128188034e-05,1014540,1334609.24919344
2,43645,71.0,67,47.06051953259251,4.1456576700661425e-05,2924215,1996164.7493421054
1,26853,68.0,64,52.100798793430904,1.5338840234292565e-05,1718592,2274415.943082143
1,29394,60.0,24,50.57772844798258,1.767022430994394e-05,705456,1334609.24919344
2,20400,69.0,90,21.497892156862743,2.7750098618879644e-05,1836000,1334609.24919344
1,20460,16.0,90,44.16138196480939,6.972560070887694e-06,1841400,2628999.7780914395
2,21870,45.0,61,49.12438843164152,6.971654847702734e-06,1334070,1504418.3375
1,43615,89.0,46,71.85256219190646,3.393589896387813e-05,2006290,2247036.2352941176
3,36879,26.0,46,31.02761734320345,6.973893779208096e-06,1696434,2628999.7780914395
2,36600,80.0,34,8.426240609289616,6.971456444543601e-06,1244400,1334609.24919344
1,36701,87.0,57,42.63894035584862,3.066026771500329e-05,2091957,1996164.7493421054
1,48890,49.0,75,42.95799754551033,2.933030951809016e-05,3666750,1334609.24919344
3,43473,3.0,16,101.60121224668185,6.970937484682446e-06,695568,2628999.7780914395
1,40265,19.0,26,92.89392151993046,9.485683081804324e-06,1046890,2274415.943082143
1,26208,79.0,11,61.389051053113555,2.337644861648686e-05,288288,2274415.943082143
5,32250,92.0,106,24.68348449612403,1.4371094252363135e-05,3418500,2628999.7780914395
1,51000,95.0,63,25.45176225490196,1.0916459711994595e-05,3213000,2274415.943082143
2,20150,80.0,96,28.594249379652606,6.977057499761898e-06,1934400,2628999.7780914395
7,36000,40.0,107,46.73485763888889,6.971955191368803e-06,3852000,2628999.7780914395
1,22580,90.0,89,41.12421944198406,1.0392157205877385e-05,2009620,2628999.7780914395
1,20000,18.0,90,37.17640625,4.508235650130922e-05,1800000,1334609.24919344
1,37247,69.0,52,46.9472574972481,3.3374422302532044e-05,1936844,2274415.943082143
1,25384,11.0,23,119.2825204853451,2.5506400131445646e-05,583832,2274415.943082143
2,52110,34.0,116,11.256748944540396,4.287498054164184e-05,6044760,1334609.24919344
1,26310,96.0,93,29.323933390345875,1.942936291634219e-05,2446830,2628999.7780914395
3,29874,95.0,54,42.64744426591685,4.259645276803359e-05,1613196,1996164.7493421054
1,20140,35.0,51,49.29467167328699,4.742168808190767e-05,1027140,997971.7780206897
2,39953,93.0,45,37.758413010287086,1.8593867752358518e-05,1797885,2628999.7780914395
2,21200,15.0,18,79.0767216981132,6.97316583816827e-06,381600,2274415.943082143
1,30630,27.0,36,197.79608227228206,6.972029682624098e-06,1102680,5155351.229166667
2,23421,25.0,36,80.97973506682038,6.970271095170234e-06,843156,2274415.943082143
2,24120,66.0,88,37.025422367330016,3.531704543633354e-05,2122560,997971.7780206897
3,35736,88.0,87,32.13012788224759,4.4547900859800615e-05,3109032,997971.7780206897
1,51050,10.0,75,23.627144955925562,2.300678824614279e-05,3828750,1334609.24919344
2,21900,40.0,62,59.46086187214612,3.27601239562918e-05,1357800,2274415.943082143
1,16300,100.0,64,9.212748276073619,1.0654747775686388e-05,1043200,1418871.6024444446
1,33462,1.0,52,41.43342821708206,6.974670747486175e-06,1740024,1334609.24919344
1,23903,65.0,86,17.377090482366228,3.4596111980885934e-05,2055658,1334609.24919344
4,46100,75.0,93,47.22483188720174,3.591533049258181e-05,4287300,1996164.7493421054
2,21936,96.0,65,27.7514302972283,4.727678995852809e-05,1425840,997971.7780206897
2,23250,55.0,49,38.89187096774194,6.967207675872228e-06,1139250,2628999.7780914395
1,30000,32.0,56,93.16123333333333,4.31939322400555e-05,1680000,1334609.24919344
1,51410,87.0,54,38.2981375218829,3.2906578001579304e-05,2776140,1996164.7493421054
4,23022,78.0,36,44.61953240378768,1.4251908072759204e-05,828792,2628999.7780914395
1,31569,12.0,54,97.05849092464126,4.098837498668016e-05,1704726,1334609.24919344
1,22509,57.0,60,7.899631120884979,6.973626317218117e-06,1350540,1334609.24919344
1,39984,75.0,60,26.839645233093236,3.4310004448326556e-05,2399040,1334609.24919344
2,73769,92.0,91,34.650476487413414,3.710686189401091e-05,6712979,1996164.7493421054
1,26440,91.0,110,27.22788152420575,3.879677558234014e-05,2908400,997971.7780206897
1,43578,83.0,55,32.97016556519345,1.7142572278466575e-05,2396790,1996164.7493421054
3,23355,77.0,67,35.99012524084778,6.971630905085142e-06,1564785,2628999.7780914395
4,30840,30.0,51,114.87381647211414,2.8568537321092037e-05,1572840,2628999.7780914395
1,21850,100.0,116,14.544366421052631,4.1190152313892385e-05,2534600,997971.7780206897
4,45500,77.0,102,61.52956043956044,4.35777317790609e-05,4641000,3010660.921875
1,23050,27.0,78,20.246103579175706,6.964195863723008e-06,1797900,1334609.24919344
1,46059,82.0,86,34.361490153933,1.3054006449759649e-05,3961074,2274415.943082143
2,23595,72.0,46,34.643340750158934,7.988650733100922e-06,1085370,2247036.2352941176
3,28142,96.0,116,30.100839048397415,4.023148153271851e-05,3264472,2628999.7780914395
4,39030,99.0,114,18.276373943120678,1.9191762542242643e-05,4449420,2628999.7780914395
2,36940,100.0,100,9.11600991608013,6.978565872124861e-06,3694000,2274415.943082143
1,30240,78.0,96,41.819671792328045,1.4383689260122675e-05,2903040,2274415.943082143
3,35202,2.0,37,102.43041588546106,6.972186550086383e-06,1302474,2628999.7780914395
2,24600,69.0,106,13.45770325203252,1.709662462487861e-05,2607600,997971.7780206897
3,27544,94.0,99,37.45525341272146,1.6875592184497426e-05,2726856,2628999.7780914395
2,21562,20.0,60,40.20063073926352,4.300847017671774e-05,1293720,997971.7780206897
3,38297,85.0,91,48.18003042013735,3.7492874057368624e-05,3485027,1996164.7493421054
1,24200,73.0,48,34.15242510330579,2.7078410555982352e-05,1161600,997971.7780206897
2,23222,62.0,78,52.530493712858494,4.513621149094084e-05,1811316,1996164.7493421054
3,60000,52.0,112,60.423458333333336,3.354933204060509e-05,6720000,1996164.7493421054
3,30408,61.0,36,47.374186069455405,6.969539675440893e-06,1094688,1378786.5625
3,30109,89.0,96,48.68297685077552,2.3216058581149523e-05,2890464,2628999.7780914395
2,39929,82.0,52,45.42357684890681,2.601286418285533e-05,2076308,1996164.7493421054
2,25481,92.0,56,35.99153535967976,4.207827592469608e-05,1426936,2628999.7780914395
2,27788,73.0,104,76.28495213761336,1.6977966736346777e-05,2889952,2628999.7780914395
4,33120,73.0,26,58.69261020531401,3.0104440855152346e-05,861120,3010660.921875
2,22324,53.0,75,26.37771568715284,3.792097772609565e-05,1674300,1334609.24919344
3,27600,84.0,94,38.846064311594205,1.1724090732990013e-05,2594400,2628999.7780914395
2,52901,75.0,45,42.349709835352826,2.6870897389773526e-05,2380545,1996164.7493421054
1,22583,95.0,62,87.73679316299872,3.579359631768079e-05,1400146,2578887.625
3,20660,92.0,35,34.858213334946754,6.970569737330498e-06,723100,2628999.7780914395
1,29400,69.0,44,7.738418367346939,6.988719152387044e-06,1293600,1334609.24919344
3,22452,85.0,24,55.413771601639056,3.366153598842584e-05,538848,3010660.921875
2,25767,22.0,104,61.37124034617922,6.968717131582438e-06,2679768,1378786.5625
4,33910,75.0,63,53.75506487761722,2.0961862001440887e-05,2136330,2274415.943082143
2,78716,38.0,37,52.13426431729255,1.172815225008183e-05,2912492,1334609.24919344
2,33300,92.0,106,47.889898648648646,4.339282681143693e-05,3529800,1996164.7493421054
1,20962,58.0,59,52.49974954679897,6.9695608745026974e-06,1236758,2628999.7780914395
2,19193,17.0,40,60.42865237326109,6.975297724610892e-06,767720,1378786.5625
4,22840,64.0,116,38.589587894045536,6.9662993215445635e-06,2649440,2628999.7780914395
1,20880,94.0,116,32.72385057471264,6.966458551035163e-06,2422080,2628999.7780914395
2,25880,8.0,6,75.0281588098918,1.0202248898050255e-05,155280,2247036.2352941176
3,46485,83.0,66,33.2364364848876,3.0440213185052453e-05,3068010,997971.7780206897
4,56896,96.0,51,24.64230350112486,2.029886983224903e-05,2901696,2628999.7780914395
2,27500,60.0,38,20.986295454545456,2.5627113798290443e-05,1045000,997971.7780206897
2,36630,90.0,86,14.795067226317226,6.974899242805953e-06,3150180,2628999.7780914395
5,41920,95.0,110,26.326210639312976,6.968137534180912e-06,4611200,2628999.7780914395
5,36879,92.0,111,41.69229778464709,1.7521150659620268e-05,4093569,2628999.7780914395
4,43484,18.0,110,36.03718034219483,6.968548839588249e-06,4783240,1334609.24919344
2,26510,91.0,46,37.23363589211618,1.132652344684699e-05,1219460,2628999.7780914395
1,40028,80.0,78,23.54389895822924,7.173059273304634e-06,3122184,1334609.24919344
3,26282,23.0,9,83.25284415189103,6.969672214030636e-06,236538,2628999.7780914395
1,21624,90.0,62,30.830905475397707,3.1439017530702166e-05,1340688,997971.7780206897
1,42239,83.0,46,50.79673997963967,3.387858008248029e-05,1942994,1996164.7493421054
3,51360,89.0,91,27.31882301401869,2.1538103538624173e-05,4673760,1996164.7493421054
5,40552,99.0,106,29.596095753600316,4.4368312401245355e-05,4298512,3010660.921875
2,24550,100.0,99,39.805715376782075,6.886810523491616e-06,2430450,2274415.943082143
2,61052,80.0,16,38.7690739042128,2.0186490556647335e-05,976832,1996164.7493421054
3,22124,82.0,87,28.823223648526486,6.9783670621074674e-06,1924788,2395087.953125
3,27487,82.0,90,58.00941808855095,4.136080173477049e-05,2473830,2395087.953125
4,23616,55.0,90,70.13974635840108,3.2389123472741896e-05,2125440,2395087.953125
3,33448,78.0,40,29.856299330303756,6.969523854346965e-06,1337920,2395087.953125
2,22344,40.0,91,68.14342776584319,3.6273557000564985e-05,2033304,1996164.7493421054
2,32928,9.0,17,171.65424562682216,6.9706988267110806e-06,559776,2843841.6666666665
2,54943,94.0,88,39.22956973590812,3.88607121146623e-05,4834984,1996164.7493421054
1,44476,33.0,56,30.760871031567586,2.1708614116958264e-05,2490656,1334609.24919344
1,35017,66.0,47,36.995894851072336,2.0887925972140553e-05,1645799,2628999.7780914395
3,29084,66.0,66,56.13047122129006,3.726189968460157e-05,1919544,2395087.953125
2,22952,98.0,53,20.506565331997212,4.096317099136106e-05,1216456,997971.7780206897
1,21040,43.0,40,28.14107057984791,3.232626899923048e-05,841600,1334609.24919344
2,28032,52.0,65,47.12703339041096,3.528213978873106e-05,1822080,1334609.24919344
1,25620,82.0,42,21.48025712334114,3.717808605314118e-05,1076040,1418871.6024444446
3,33238,14.0,24,49.114627835609845,6.971023086460289e-06,797712,1334609.24919344
4,27800,8.0,104,42.497437050359714,3.246916075133604e-05,2891200,1996164.7493421054
1,42128,93.0,62,40.57414308773262,2.898834762030822e-05,2611936,1996164.7493421054
2,44753,96.0,84,36.616352535025584,3.7377380262134435e-05,3759252,1996164.7493421054
2,57298,91.0,27,27.686633913923696,6.971809400438575e-06,1547046,1996164.7493421054
3,26373,75.0,78,36.56148333522921,3.9596115473805165e-05,2057094,997971.7780206897
1,42420,34.0,63,22.758726720886376,3.0442545295618776e-05,2672460,1334609.24919344
1,35046,100.0,42,30.339243422929865,1.6599748440922704e-05,1471932,1334609.24919344
1,43380,89.0,42,9.337528815122177,6.9618971910472965e-06,1821960,1334609.24919344
3,20410,8.0,21,133.2796790788829,2.8615140603952614e-05,428610,2628999.7780914395
3,18396,87.0,33,33.927246412263536,6.969750681203002e-06,607068,2628999.7780914395
1,45174,84.0,60,43.84879023332005,3.477843388759306e-05,2710440,1996164.7493421054
1,24955,47.0,14,27.641875375676218,3.170470409667688e-05,349370,997971.7780206897
2,32961,86.0,28,47.72776918176026,4.000877218074506e-05,922908,1996164.7493421054
1,109794,87.0,66,30.024648432519083,3.4988345686614815e-05,7246404,1996164.7493421054
3,23422,65.0,96,115.35616087439159,4.740046900815434e-05,2248512,2628999.7780914395
5,38409,93.0,18,88.31599364732224,2.466002914393881e-05,691362,2137021.729333333
2,23040,99.0,96,3.4597134062499997,1.0914319260795468e-05,2211840,1334609.24919344
2,61880,66.0,58,9.630518745959922,6.963829199923147e-06,3589040,1334609.24919344
2,27938,97.0,91,36.77408236094208,7.115087077574664e-06,2542358,2628999.7780914395
2,30562,69.0,16,53.08001357895426,3.435391576001296e-05,488992,1996164.7493421054
3,54969,67.0,16,67.7490631082974,1.0555575433596577e-05,879504,2274415.943082143
3,25834,73.0,58,80.37042753735388,2.6017564866462214e-05,1498372,2628999.7780914395
2,27273,90.0,91,46.14890642760239,3.710415571509769e-05,2481843,1996164.7493421054
6,97229,100.0,12,10.508744181262792,6.968404533515583e-06,1166748,2137021.729333333
3,25111,77.0,34,38.00536368523755,2.61643314123323e-05,853774,2628999.7780914395
2,31805,10.0,63,51.61663260493633,4.1658874790076186e-05,2003715,997971.7780206897
1,20811,95.0,63,60.89801066743549,3.4694482220162805e-05,1311093,1996164.7493421054
2,22058,1.0,49,90.09587224589718,3.3426678620700414e-05,1080842,1334609.24919344
1,28320,1.0,45,149.59027189265538,1.6041935640349053e-05,1274400,1418871.6024444446
1,29079,78.0,61,29.631132002476015,2.5741498860571643e-05,1773819,997971.7780206897
3,19232,82.0,34,37.797290973377706,6.9746566838740304e-06,653888,2628999.7780914395
2,20535,7.0,28,89.39878256635014,2.1086129020309357e-05,574980,2628999.7780914395
1,30800,65.0,51,15.77827922077922,6.975724888933702e-06,1570800,1334609.24919344
1,37400,73.0,94,24.71103442513369,8.43979843759584e-06,3515600,1334609.24919344
5,54015,75.0,34,55.910423030639635,6.970195213479199e-06,1836510,2628999.7780914395
3,103000,89.0,25,50.62739320388349,1.556776460189872e-05,2575000,2274415.943082143
4,72859,55.0,112,20.566544627293815,8.295194818206017e-06,8160208,1334609.24919344
2,138705,84.0,7,35.75428427237663,2.5158802717642697e-05,970935,1996164.7493421054
0,30287,32.0,56,72.41110047214977,1.491941827035974e-05,1696072,2247036.2352941176
6,73102,84.0,31,58.92093923558863,6.9719844861156405e-06,2266162,2628999.7780914395
1,26263,64.0,23,62.24229429235046,6.97388730366347e-06,604049,2628999.7780914395
6,74211,97.0,114,18.28731421217879,6.970644358148539e-06,8460054,2628999.7780914395
2,45700,99.0,28,33.789797592997814,1.0037600527783512e-05,1279600,1334609.24919344
2,70292,37.0,8,27.511119686450805,2.9780563554115567e-05,562336,997971.7780206897
6,52000,100.0,3,6.590886419230769,-2.334225535995649e-06,156000,2628999.7780914395
2,35780,22.0,2,81.39362772498603,1.771474014718446e-05,71560,1996164.7493421054
3,76844,100.0,3,17.739727564936754,6.968939528219299e-06,230532,2628999.7780914395
3,47673,67.0,3,52.48528517190024,8.033152540774245e-06,143019,2628999.7780914395
4,39433,62.0,3,88.68753328430502,6.9712604213266235e-06,118299,3010660.921875
2,48925,82.0,2,33.9714690853347,1.3693898205631541e-05,97850,1996164.7493421054
8,41198,44.0,6,188.5542380698092,1.0630714306633286e-05,247188,5155351.229166667
0,89392,16.0,46,77.86943462502238,6.971795116568544e-06,4112032,2395087.953125
0,97040,69.0,5,40.129250824402305,1.6026634875328777e-05,485200,2395087.953125
4,85284,72.0,2,70.85032948735989,2.168343883915653e-05,170568,3010660.921875
2,24990,9.0,87,176.8967787114846,3.0493249805656433e-05,2174130,2628999.7780914395
3,45000,77.0,1,29.46606111111111,6.968468997571783e-06,45000,1996164.7493421054
1,13661,75.0,64,36.79581930312569,6.962850581080965e-06,874304,2628999.7780914395
1,15398,93.0,56,25.1857384075854,2.0087156081586345e-05,862288,2628999.7780914395
1,12294,46.0,26,69.11873169838945,2.4642666986174027e-05,319644,2628999.7780914395
