NumberofFloors,PropertyGFABuilding(s),ENERGYSTARScore,SiteEnergyUse(kBtu),BuildingAge,Energy_per_m2,GHG_per_m2,Carbon_intensity_ratio,Age_x_Size,ENERGY_vs_type_mean,GHG_vs_type_mean
2,56228,95.0,1539478.5,55,27.379214981859572,0.0006852457850181405,2.5027955895454208e-05,3092540,1996164.7493421054,56.04810526315789
6,58006,84.0,3663534.5,15,63.157854359893804,0.00155173602730752,2.4569169472813754e-05,870090,3010660.921875,84.3
5,52210,57.0,4456714.5,38,85.3613196705612,0.00246006512162421,2.8819436380768837e-05,1983980,3010660.921875,84.3
2,54986,97.0,1650279.25,26,30.01271687338595,0.000572327501545848,1.9069499904334372e-05,1429636,1996164.7493421054,56.04810526315789
2,94900,57.0,6186461.5,55,65.18926765015806,0.001375763962065332,2.1104148146723292e-05,5219500,2628999.7780914395,34.69634241245136
2,52554,83.0,2951331.25,116,56.15807074628002,0.0015956920500818205,2.8414296090958954e-05,6096264,2628999.7780914395,34.69634241245136
8,59400,14.0,5071974.0,106,85.38676767676768,0.0005952861952861953,6.9716445707332095e-06,6296400,2628999.7780914395,34.69634241245136
7,71150,98.0,5348309.0,31,75.16948699929726,0.0018886858749121575,2.5125698608663036e-05,2205650,3010660.921875,84.3
2,54984,71.0,3375211.0,54,61.38533027789902,0.0016001018478102721,2.6066518508028093e-05,2969136,2628999.7780914395,34.69634241245136
6,63371,74.0,3706100.25,8,58.48259061715927,0.001058212747155639,1.80944916425291e-05,506968,3010660.921875,84.3
2,58320,96.0,1049748.625,87,17.99980495541838,0.0006697530864197531,3.720890798975803e-05,5073840,2274415.943082143,33.59196428571429
4,50283,68.0,3476212.5,46,69.13295746077203,0.0009697114332875922,1.4026760446894429e-05,2313018,2628999.7780914395,34.69634241245136
3,67743,34.0,2646879.0,93,39.072361720030116,0.001163957899709195,2.9789801498292895e-05,6300099,1996164.7493421054,56.04810526315789
3,63681,63.0,4897760.0,13,76.91085253058212,0.0005361096716446035,6.970533468361046e-06,827853,2628999.7780914395,34.69634241245136
3,59955,93.0,1633399.375,27,27.243755733466767,0.0003415895254774414,1.2538268541947986e-05,1618785,1996164.7493421054,56.04810526315789
2,93218,86.0,2887392.0,52,30.974618635885772,0.0009091591752665794,2.935174718223227e-05,4847336,1996164.7493421054,56.04810526315789
4,51390,89.0,3611538.0,15,70.27705779334501,0.002476941039112668,3.524537191634146e-05,770850,3010660.921875,84.3
2,131013,88.0,3894584.5,53,29.726702693625825,0.0009534931648004397,3.207530867541839e-05,6943689,1996164.7493421054,56.04810526315789
3,69138,78.0,3242458.0,14,46.89834823107408,0.0012875697879603113,2.7454480520642053e-05,967932,3010660.921875,84.3
2,55513,93.0,1513570.75,25,27.265158611496407,0.00019004557491038136,6.9702721197539e-06,1387825,1996164.7493421054,56.04810526315789
3,78804,92.0,2499140.0,15,31.713364803817065,0.000721029389371098,2.273582112246613e-05,1182060,1996164.7493421054,56.04810526315789
3,66994,79.0,2371304.5,14,35.39577424844016,0.0006230408693315819,1.760212574977191e-05,937916,1996164.7493421054,56.04810526315789
3,98357,88.0,3456131.5,16,35.13864290289456,0.0009622090954380471,2.7383217334178403e-05,1573712,1996164.7493421054,56.04810526315789
4,102100,89.0,4448582.5,15,43.5708374142997,0.0012672869735553378,2.9085669423911994e-05,1531500,2395087.953125,53.75333333333333
3,62526,96.0,1986094.875,14,31.764304049515403,0.0008647602597319516,2.7224278497773175e-05,875364,1996164.7493421054,56.04810526315789
3,64015,21.0,3242077.75,9,50.645594782472855,0.0007745059751620714,1.5292662244142664e-05,576135,2628999.7780914395,34.69634241245136
3,55442,72.0,3191228.25,20,57.55976065077017,0.0015096857977706431,2.622814585575319e-05,1108840,3669635.28125,56.4375
4,114297,61.0,2100097.75,112,18.374040875963498,0.0006075400054244643,3.306512756370507e-05,12801264,1334609.24919344,29.69568
1,64984,72.0,2944296.25,50,45.308018127539086,0.0005505970700480119,1.2152309741249713e-05,3249200,2274415.943082143,33.59196428571429
1,46797,86.0,2075891.0,58,44.35948885612326,0.0015699724341303929,3.539203166254876e-05,2714226,1996164.7493421054,56.04810526315789
2,67371,92.0,2128459.0,12,31.593103857742946,0.0006881299075269775,2.178101621877612e-05,808452,1996164.7493421054,56.04810526315789
3,127776,75.0,4748137.0,6,37.159850050087655,0.0006267217630853995,1.6865562219455756e-05,766656,1996164.7493421054,56.04810526315789
2,67235,89.0,2284133.75,17,33.97239161151186,0.0007305718747676061,2.1504870281786255e-05,1142995,1996164.7493421054,56.04810526315789
3,58118,97.0,1407277.25,25,24.21413761657318,0.00036632368629340307,1.512850435122148e-05,1452950,1996164.7493421054,56.04810526315789
3,44558,78.0,1677002.25,116,37.63638964944567,0.0006344539701063781,1.6857460984324858e-05,5168728,2628999.7780914395,34.69634241245136
1,71714,87.0,2371358.0,17,33.06687676046518,0.000505340658727724,1.5282382499816563e-05,1219138,1996164.7493421054,56.04810526315789
3,67236,91.0,549181.375,25,8.167966193705753,0.00014322684276280566,1.7535190445961502e-05,1680900,1334609.24919344,29.69568
2,55653,98.0,1377627.0,88,24.75386771602609,0.0013095430614701812,5.290256361119519e-05,4897464,1996164.7493421054,56.04810526315789
5,50759,62.0,3147042.0,44,61.999684784964245,0.0009671191315825765,1.559877497662885e-05,2233396,2628999.7780914395,34.69634241245136
2,56772,46.0,2439484.75,64,42.96985750017614,0.0014896427816529273,3.466715666084815e-05,3633408,997971.7780206897,35.177241379310345
3,75174,77.0,2733846.0,15,36.366908771649776,0.0009559156091201745,2.628531380333786e-05,1127610,1996164.7493421054,56.04810526315789
3,75214,88.0,2334260.0,13,31.034913712872605,0.0005847315659318743,1.8841088824723894e-05,977782,1996164.7493421054,56.04810526315789
3,134918,91.0,3822102.5,11,28.32907766198728,0.0005145347544434398,1.8162778209113964e-05,1484098,1996164.7493421054,56.04810526315789
2,64414,67.0,2295176.5,25,35.63164063712858,0.0002483932064458037,6.971141435092247e-06,1610350,1996164.7493421054,56.04810526315789
4,56500,98.0,1380293.625,102,24.429975663716814,0.0007826548672566372,3.203666176462997e-05,5763000,2628999.7780914395,34.69634241245136
4,59158,57.0,5007401.0,35,84.64452821258325,0.0011526758849183542,1.3617842868985328e-05,2070530,2628999.7780914395,34.69634241245136
5,73399,61.0,3757006.0,100,51.18606520524803,0.00035681685036580884,6.9709763572376515e-06,7339900,2628999.7780914395,34.69634241245136
7,89550,85.0,3903259.75,116,43.58749022892239,0.000576996091568956,1.3237653476687019e-05,10387800,2628999.7780914395,34.69634241245136
6,89355,66.0,4178233.5,116,46.759929494712104,0.0003577863577863578,7.651558966247339e-06,10365180,2628999.7780914395,34.69634241245136
8,94948,81.0,3743228.5,48,39.423984707418796,0.0002748873067363188,6.97259063933714e-06,4557504,2628999.7780914395,34.69634241245136
7,106099,99.0,2746560.75,107,25.88677320238645,0.0006613634435762826,2.5548315288493074e-05,11352593,2628999.7780914395,34.69634241245136
2,89200,83.0,6461937.0,38,72.4432399103139,0.0010030269058295964,1.3845693636443685e-05,3389600,2274415.943082143,33.59196428571429
6,90803,88.0,4426136.0,14,48.744380692267875,0.00033985661266698234,6.972221368706249e-06,1271242,2628999.7780914395,34.69634241245136
5,137929,93.0,7046345.5,14,51.08675840468647,0.0003561252528474795,6.9709894299108665e-06,1931006,2628999.7780914395,34.69634241245136
5,50176,77.0,2933288.75,116,58.459995814732146,0.000496452487244898,8.492174525948051e-06,5820416,2628999.7780914395,34.69634241245136
1,128800,97.0,1809101.5,39,14.045819099378882,0.0006127329192546585,4.362386521707047e-05,5023200,1334609.24919344,29.69568
1,52311,96.0,930611.875,56,17.789984420102847,0.0009300147196574334,5.227743305983496e-05,2929416,1334609.24919344,29.69568
5,106465,60.0,5803409.0,15,54.51001737660264,0.00038003099610200536,6.971764354364823e-06,1596975,2628999.7780914395,34.69634241245136
1,52500,2.0,3989399.0,43,75.98855238095238,0.0013422857142857143,1.766431485043236e-05,2257500,1334609.24919344,29.69568
4,79957,25.0,5252131.0,102,65.68694423252498,0.00045787110571932413,6.970503972577987e-06,8155614,2274415.943082143,33.59196428571429
6,96630,45.0,7335905.5,32,75.91747386939873,0.0005292352271551278,6.971191218316539e-06,3092160,2628999.7780914395,34.69634241245136
4,63540,72.0,3518459.5,110,55.37392980799496,0.0011776833490714511,2.1267830424081904e-05,6989400,2628999.7780914395,34.69634241245136
4,70000,72.0,4549892.0,17,64.99845714285715,0.00045314285714285714,6.971594051023629e-06,1190000,2628999.7780914395,34.69634241245136
4,52800,83.0,2429021.0,91,46.00418560606061,0.0008424242424242424,1.8311904261017093e-05,4804800,2628999.7780914395,34.69634241245136
1,123061,59.0,1987934.625,15,16.154058759477007,0.0001126270711273271,6.972060260784481e-06,1845915,1334609.24919344,29.69568
1,59090,45.0,2756214.75,53,46.644351836182096,0.0019818920291081402,4.24894322911522e-05,3131770,1418871.6024444446,33.09
1,106000,93.0,763364.5,53,7.201551886792453,5.018867924528302e-05,6.9691477662374925e-06,5618000,1334609.24919344,29.69568
1,119661,97.0,775729.1875,56,6.482723589975013,4.5461762813280854e-05,7.012756626486998e-06,6701016,1418871.6024444446,33.09
7,94472,81.0,4342597.0,15,45.96702726733847,0.00032041239732407485,6.970483330596875e-06,1417080,2628999.7780914395,34.69634241245136
6,61800,95.0,3063504.5,32,49.571270226537216,0.000345631067961165,6.972406928078611e-06,1977600,2628999.7780914395,34.69634241245136
5,74880,56.0,5134607.5,42,68.57114716880342,0.00047809829059829054,6.972295350715707e-06,3144960,2628999.7780914395,34.69634241245136
6,88774,53.0,6029121.5,37,67.91539752630274,0.00047344943339266,6.971164870371248e-06,3284638,2628999.7780914395,34.69634241245136
5,122250,93.0,5535626.0,33,45.28119427402863,0.00031566462167689167,6.971207953716527e-06,4034250,2628999.7780914395,34.69634241245136
4,53730,20.0,4742869.0,37,88.27226875116322,0.0006152987158012284,6.97046450154959e-06,1988010,2628999.7780914395,34.69634241245136
3,55593,55.0,4224872.5,56,75.99648337020848,0.0016770096954652565,2.2066938114700503e-05,3113208,2628999.7780914395,34.69634241245136
4,73096,54.0,4695139.0,34,64.23250246251504,0.00044776731968917586,6.971039622043138e-06,2485264,2628999.7780914395,34.69634241245136
4,58195,81.0,2991674.75,31,51.407762694389554,0.00035845003866311536,6.972683110020566e-06,1804045,2628999.7780914395,34.69634241245136
5,118248,95.0,5671256.0,7,47.96069278127326,0.00034224680332859753,7.135985397238283e-06,827736,2628999.7780914395,34.69634241245136
6,86700,96.0,3238216.0,12,37.34966551326413,0.00026032295271049595,6.9698871230331765e-06,1040400,2628999.7780914395,34.69634241245136
5,127800,56.0,2767491.0,102,21.65485915492958,0.00023106416275430361,1.067031473634422e-05,13035600,1334609.24919344,29.69568
4,136143,97.0,6917478.5,10,50.81038687262657,0.000901111331467648,1.7734785876096325e-05,1361430,2628999.7780914395,34.69634241245136
3,67380,66.0,2755829.0,62,40.8998070644108,0.0010997328584149597,2.6888460786209882e-05,4177560,1334609.24919344,29.69568
5,67236,80.0,3415561.25,42,50.799590249271226,0.0003541257659587126,6.971035872947674e-06,2823912,2628999.7780914395,34.69634241245136
5,66762,69.0,3632613.75,44,54.41139795093017,0.0003792576615439921,6.970187788338356e-06,2937528,2628999.7780914395,34.69634241245136
5,66762,86.0,3493093.75,46,52.32158638147449,0.0003647284383331836,6.970897932527577e-06,3071052,2628999.7780914395,34.69634241245136
5,66400,75.0,3484915.5,45,52.4836671686747,0.0003658132530120482,6.970039876146208e-06,2988000,2628999.7780914395,34.69634241245136
4,98475,83.0,1090496.625,19,11.07384234577304,0.0002278750952018279,2.0577780330131698e-05,1871025,1334609.24919344,29.69568
1,63225,100.0,6522551.5,8,103.16412020561486,0.0007191775405298537,6.971198310967724e-06,505800,5155351.229166667,61.555
3,94400,38.0,784364.5,17,8.308945974576272,0.00010847457627118644,1.3055154841913422e-05,1604800,1334609.24919344,29.69568
3,95426,73.0,4991360.5,28,52.30608534361704,0.0003657284178316182,6.992081617827444e-06,2671928,2628999.7780914395,34.69634241245136
4,53472,84.0,3897738.0,16,72.89306552962299,0.0005081163973668462,6.9707096782800695e-06,855552,2628999.7780914395,34.69634241245136
3,62332,70.0,5413418.0,15,86.84813578900084,0.000605467496630944,6.971565838810157e-06,934980,2628999.7780914395,34.69634241245136
2,90000,87.0,1429146.375,49,15.879404166666667,0.0001907777777777778,1.2014164749219618e-05,4410000,1334609.24919344,29.69568
2,63240,100.0,227566.7031,75,3.5984614658444025,0.00012887413029728022,3.581367523885352e-05,4743000,1334609.24919344,29.69568
4,106041,94.0,1123943.0,19,10.599136183174432,0.00024122744975999848,2.2759161274192728e-05,2014779,1334609.24919344,29.69568
1,22780,33.0,402051.3125,50,17.649311347673397,0.00012291483757682177,6.96428518685659e-06,1139000,1334609.24919344,29.69568
1,50065,72.0,1529510.25,49,30.550489363827026,0.000851892539698392,2.7884742844972762e-05,2453185,1418871.6024444446,33.09
1,57540,26.0,2582687.0,47,44.885071254779284,0.001332638164754953,2.9690008893838088e-05,2704380,1418871.6024444446,33.09
1,85400,49.0,1536998.25,50,17.997637587822013,0.00012552693208430914,6.974633835789989e-06,4270000,1334609.24919344,29.69568
1,55700,63.0,519806.0938,50,9.3322458491921,6.499102333931777e-05,6.964135363508892e-06,2785000,1334609.24919344,29.69568
1,53250,96.0,1794187.25,52,33.6936572769953,0.0008813145539906103,2.6156690167093762e-05,2769000,2628999.7780914395,34.69634241245136
6,50245,98.0,2179719.75,29,43.38182406209573,0.0005698079410886655,1.3134716056960992e-05,1457105,2628999.7780914395,34.69634241245136
3,64660,89.0,325513.0,30,5.034225177853387,9.774203526136715e-05,1.9415507214765617e-05,1939800,1334609.24919344,29.69568
1,52613,80.0,1061458.25,36,20.174828464447952,0.0006085948339763938,3.0166047510582734e-05,1894068,1418871.6024444446,33.09
2,62220,32.0,5444253.5,102,87.500056252009,0.0006195756991321118,7.0808605807940426e-06,6346440,2628999.7780914395,34.69634241245136
1,65430,89.0,3181045.5,46,48.61753782668501,0.001379183860614397,2.8368031831044226e-05,3009780,2628999.7780914395,34.69634241245136
3,59850,26.0,6062770.5,10,101.29942355889725,0.0008215538847117795,8.110153600569245e-06,598500,2628999.7780914395,34.69634241245136
2,98024,94.0,1988334.5,27,20.28416000163225,0.00043101689382192115,2.1248939753346332e-05,2646648,1418871.6024444446,33.09
5,77953,62.0,5135040.0,26,65.87353918386721,0.00045925108719356534,6.9717081074344106e-06,2026778,2628999.7780914395,34.69634241245136
6,86483,56.0,6361236.5,35,73.5547622076015,0.000512817547957402,6.971914972820143e-06,3026905,2628999.7780914395,34.69634241245136
1,51600,75.0,1124543.125,40,21.793471414728682,0.0004282945736434109,1.965242551280548e-05,2064000,1418871.6024444446,33.09
1,140520,61.0,2225512.0,48,15.837688585254767,0.0004108311984059208,2.5940098278508496e-05,6744960,1334609.24919344,29.69568
5,91649,95.0,4636396.5,30,50.58862071599253,0.0006424510905738198,1.2699517825966783e-05,2749470,2628999.7780914395,34.69634241245136
1,50417,14.0,1847401.0,36,36.642422198861496,0.0011636947854890215,3.175812939367252e-05,1815012,1334609.24919344,29.69568
4,104500,91.0,6486377.5,16,62.0705980861244,0.0004327272727272727,6.971533802958585e-06,1672000,2628999.7780914395,34.69634241245136
2,104786,93.0,1028376.875,47,9.814067480388601,0.0002277021739545359,2.320161079079107e-05,4924942,1334609.24919344,29.69568
1,53620,86.0,2058955.25,68,38.399016225289074,0.00041253263707571804,1.0743312658203718e-05,3646160,2628999.7780914395,34.69634241245136
1,50008,62.0,3202213.0,78,64.03401455767077,0.0013057910734282515,2.039214755545618e-05,3900624,2628999.7780914395,34.69634241245136
1,50832,63.0,2551022.25,59,50.185360599622285,0.002108120868744098,4.200668967117006e-05,2999088,1334609.24919344,29.69568
1,76354,70.0,2843033.5,45,37.234899284909766,0.0002657359142939466,7.13674320052859e-06,3435930,1504418.3375,20.136
1,98480,65.0,2831565.5,60,28.75269597887896,0.0004010966693744923,1.3949880375361262e-05,5908800,1334609.24919344,29.69568
2,53002,75.0,3441643.25,112,64.93421474661334,0.0012075016037130675,1.8595768169754376e-05,5936224,2274415.943082143,33.59196428571429
7,94002,70.0,5662234.0,46,60.23525031382311,0.0004198846833046105,6.970746881884429e-06,4324092,2628999.7780914395,34.69634241245136
1,93020,60.0,1252323.875,42,13.462952859600087,9.385078477746722e-05,6.97104013927707e-06,3906840,1334609.24919344,29.69568
5,78920,88.0,2830674.75,112,35.86764761784085,0.00025,6.970069592064578e-06,8839040,2628999.7780914395,34.69634241245136
7,99440,64.0,6606832.5,110,66.44039119066774,0.0013544851166532581,2.038647112667076e-05,10938400,2628999.7780914395,34.69634241245136
6,73260,82.0,2853189.5,109,38.94607562107562,0.0002714987714987715,6.971145800165044e-06,7985340,2628999.7780914395,34.69634241245136
4,69817,87.0,2178074.5,116,31.19690762994686,0.0011000186201068508,3.526050187906796e-05,8098772,2628999.7780914395,34.69634241245136
6,73470,83.0,3212269.0,107,43.72218592622839,0.0003047502381924595,6.9701510054108176e-06,7861290,2628999.7780914395,34.69634241245136
3,56700,37.0,2371575.0,106,41.826719576719576,0.0005569664902998236,1.3316045244194258e-05,6010200,2628999.7780914395,34.69634241245136
1,82852,83.0,2153603.5,94,25.99337976150244,0.0007912904938927244,3.0442001046153575e-05,7788088,1334609.24919344,29.69568
2,92792,56.0,3155496.0,54,34.006121217346326,0.0007994223639968964,2.350819015457475e-05,5010768,1418871.6024444446,33.09
4,103200,80.0,4374646.0,116,42.389980620155036,0.0002955426356589147,6.971992705238321e-06,11971200,2628999.7780914395,34.69634241245136
1,78814,69.0,861972.875,62,10.936798982414292,0.00020909990610805187,1.911893109165413e-05,4886468,1334609.24919344,29.69568
6,64800,15.0,2688675.75,106,41.491909722222225,0.00028919753086419753,6.969973973246867e-06,6868800,1418871.6024444446,33.09
4,66842,31.0,5608600.5,112,83.90832859579307,0.0020698064091439513,2.4667472750109407e-05,7486304,2628999.7780914395,34.69634241245136
6,64488,81.0,2891605.0,107,44.83942749038581,0.00031292643592606374,6.978823179514491e-06,6900216,2628999.7780914395,34.69634241245136
3,60592,16.0,5049446.5,86,83.33520101663586,0.0007798059149722736,9.357461258377527e-06,5210912,2628999.7780914395,34.69634241245136
1,107930,57.0,7221482.5,23,66.90894561289724,0.0009304178634300009,1.390573196016192e-05,2482390,2274415.943082143,33.59196428571429
1,99084,83.0,1618110.375,90,16.330692896935933,0.0004970530055306609,3.0436737048917322e-05,8917560,1334609.24919344,29.69568
1,72719,28.0,2581741.75,63,35.502987527331236,0.0005877418556360786,1.6554715435809954e-05,4581297,1418871.6024444446,33.09
1,56572,66.0,2409429.0,43,42.59048645973273,0.001189457682245634,2.7927778739278065e-05,2432596,2274415.943082143,33.59196428571429
7,94500,68.0,5792926.0,29,61.30080423280423,0.00042730158730158735,6.9705706580750385e-06,2740500,2247036.2352941176,32.411764705882355
6,56700,55.0,3065954.5,116,54.07327160493827,0.00037689594356261024,6.970096914354078e-06,6577200,2628999.7780914395,34.69634241245136
4,72000,89.0,2729167.75,91,37.905107638888886,0.0003261111111111111,8.603355363553597e-06,6552000,2628999.7780914395,34.69634241245136
4,96254,93.0,5101504.5,16,53.00044154009184,0.0003694391921374696,6.9704927242541885e-06,1540064,2628999.7780914395,34.69634241245136
5,98668,91.0,4391348.0,34,44.50630396886528,0.00031023229415818703,6.9705247682488384e-06,3354712,2628999.7780914395,34.69634241245136
1,50660,51.0,2661488.0,38,52.536281089617056,0.0011981839715752072,2.2806790787709734e-05,1925080,2274415.943082143,33.59196428571429
2,61929,59.0,2203026.5,79,35.57342279061506,0.0008999015001049589,2.529701753474141e-05,4892391,2628999.7780914395,34.69634241245136
3,20565,65.0,802312.5,91,39.01349380014588,0.00027182105519085823,6.967359975072057e-06,1871415,2628999.7780914395,34.69634241245136
5,103966,63.0,7857972.5,16,75.58213742954428,0.0005269030259892658,6.971263897907507e-06,1663456,2628999.7780914395,34.69634241245136
5,129362,95.0,5514308.5,30,42.62695768463691,0.0009024288430914797,2.117037884260556e-05,3880860,2628999.7780914395,34.69634241245136
6,112560,86.0,4946798.5,106,43.94810323383084,0.000869047619047619,1.9774405607990704e-05,11931360,2628999.7780914395,34.69634241245136
6,86204,89.0,3241917.0,106,37.60750081202728,0.0008006589021391118,2.1289872627831003e-05,9137624,3241917.0,69.02
1,110613,95.0,1015060.188,56,9.176680751810366,6.400694312603401e-05,6.97495585355378e-06,6194328,1418871.6024444446,33.09
3,98220,12.0,6468090.0,65,65.85308491142334,0.0007665444919568317,1.16402214564114e-05,6384300,1334609.24919344,29.69568
1,84420,55.0,2848317.25,46,33.73983949301113,0.00023525230987917555,6.972537908128035e-06,3883320,1418871.6024444446,33.09
1,111908,87.0,1555420.25,29,13.89909791971977,0.00030507202344783215,2.1949052032722348e-05,3245332,1418871.6024444446,33.09
4,71037,5.0,4817062.0,15,67.81060574067035,0.000472711403916269,6.971054140469854e-06,1065555,2628999.7780914395,34.69634241245136
2,51374,33.0,5481549.0,16,106.6988943823724,0.000743761435745708,6.970657381699954e-06,821984,2628999.7780914395,34.69634241245136
5,110524,57.0,6859198.0,18,62.060710795845246,0.0004326662082443632,6.971660535240417e-06,1989432,2628999.7780914395,34.69634241245136
5,84210,85.0,4750799.0,42,56.41609072556704,0.000772236076475478,1.3688223812457652e-05,3536820,2628999.7780914395,34.69634241245136
4,78920,80.0,8303666.5,87,105.21625063355296,0.0013919158641662443,1.322909584579294e-05,6866040,2274415.943082143,33.59196428571429
7,43983,93.0,5177270.5,37,117.71071777732305,0.002481867994452402,2.1084469123257127e-05,1627371,2628999.7780914395,34.69634241245136
3,83118,59.0,2443141.5,76,29.39365119468707,0.0003347048774032099,1.1386978609302818e-05,6316968,2274415.943082143,33.59196428571429
3,77555,39.0,7802205.5,92,100.60222422796726,0.0007014376893817291,6.972387487102204e-06,7135060,2274415.943082143,33.59196428571429
6,51218,57.0,2886141.5,107,56.3501405755789,0.00039283064547619977,6.97124517283716e-06,5480326,2628999.7780914395,34.69634241245136
7,122356,91.0,4585070.5,106,37.47319706430416,0.00034162607473274705,9.116544663817055e-06,12969736,2628999.7780914395,34.69634241245136
3,52298,89.0,1968655.125,95,37.643028892118245,0.0002623427282114039,6.969224739147747e-06,4968310,2628999.7780914395,34.69634241245136
6,81300,83.0,4052720.0,106,49.848954489544894,0.0003865928659286593,7.755285339228963e-06,8617800,2628999.7780914395,34.69634241245136
6,62370,30.0,4353025.0,109,69.79357062690396,0.00048661215327881996,6.972163036049644e-06,6798330,2628999.7780914395,34.69634241245136
1,73296,83.0,2356376.75,56,32.148776877319364,0.0010038746998471948,3.1225906468479624e-05,4104576,1334609.24919344,29.69568
1,115620,11.0,1951856.25,50,16.881648936170212,0.00011771319840857982,6.972849563076174e-06,5781000,1334609.24919344,29.69568
1,71718,100.0,151754.2969,47,2.115986180596224,1.4780110990267437e-05,6.9849751977599535e-06,3370746,1418871.6024444446,33.09
1,55450,31.0,4345698.0,47,78.37146979260595,0.0023740306582506763,3.029202673540591e-05,2606150,1334609.24919344,29.69568
1,54880,32.0,2763597.0,37,50.35708819241982,0.0016313775510204082,3.2396185116715643e-05,2030560,1418871.6024444446,33.09
6,79920,83.0,5392617.5,116,67.47519394394395,0.0009315565565565566,1.3805911507723291e-05,9270720,2628999.7780914395,34.69634241245136
6,68100,63.0,4865551.5,7,71.44715859030838,0.0011657856093979441,1.631675258190156e-05,476700,2628999.7780914395,34.69634241245136
2,123000,47.0,3004271.0,50,24.424967479674798,0.0001702439024390244,6.97007693380524e-06,6150000,1334609.24919344,29.69568
1,60448,90.0,1052244.75,38,17.407436970619376,0.0004506352567496029,2.5887513337557633e-05,2297024,1334609.24919344,29.69568
5,90266,18.0,7771933.5,29,86.10034232158287,0.0006002259987149093,6.9712382382067475e-06,2617714,3669635.28125,56.4375
4,80874,87.0,1165598.875,12,14.412529057546307,0.00017916759403516583,1.2431377818548427e-05,970488,1334609.24919344,29.69568
4,132828,83.0,1083729.625,28,8.158894397265637,5.6915710542957804e-05,6.975909697033519e-06,3719184,1334609.24919344,29.69568
4,80360,96.0,686019.1875,29,8.536824135141861,0.00020246391239422598,2.3716537811852383e-05,2330440,1334609.24919344,29.69568
1,61183,92.0,2424724.25,66,39.6306858114182,0.0015615448735759934,3.940241864616152e-05,4038078,1996164.7493421054,56.04810526315789
3,53552,3.0,7070998.5,95,132.03985845533313,0.0009204138034060352,6.970726977243737e-06,5087440,2628999.7780914395,34.69634241245136
3,56986,32.0,1997181.5,16,35.04687993542274,0.0004492331449829783,1.2818063856489759e-05,911776,2137021.729333333,38.79
2,22220,90.0,778355.8125,59,35.0295145139514,0.0014284428442844284,4.077826553135684e-05,1310980,997971.7780206897,35.177241379310345
1,46732,87.0,2331952.75,61,49.90055529401695,0.0019061884789865616,3.819974482759138e-05,2850652,1996164.7493421054,56.04810526315789
1,44100,1.0,1618916.375,40,36.71012188208617,0.00025600907029478455,6.973800607829418e-06,1764000,1334609.24919344,29.69568
1,27800,13.0,1224186.25,51,44.03547661870503,0.0008773381294964029,1.992343893749828e-05,1417800,1418871.6024444446,33.09
1,46340,3.0,2564004.0,15,55.3302546396202,0.0003856279671989642,6.969567910190468e-06,695100,1334609.24919344,29.69568
3,38460,69.0,1950713.25,106,50.720573322932914,0.000936557462298492,1.8465040927978526e-05,4076760,2628999.7780914395,34.69634241245136
2,21022,54.0,945245.625,94,44.96459066692037,0.002085434306916564,4.637947940779943e-05,1976068,997971.7780206897,35.177241379310345
2,51489,93.0,1984067.625,62,38.533815475150035,0.0013742741168016471,3.5664106963088014e-05,3192318,1996164.7493421054,56.04810526315789
1,48001,49.0,2143650.75,49,44.65846024041166,0.0018012124747401094,4.033306265024748e-05,2352049,1418871.6024444446,33.09
1,37351,10.0,2559461.75,47,68.52458434847796,0.0020625953789724506,3.0100078659116513e-05,1755497,1334609.24919344,29.69568
1,30375,73.0,345866.6875,35,11.386557613168725,7.934156378600823e-05,6.968002664321351e-06,1063125,1334609.24919344,29.69568
2,33589,90.0,509836.1875,102,15.178665262437107,0.000652892315936765,4.3013816079895267e-05,3426078,997971.7780206897,35.177241379310345
3,43500,46.0,3220635.25,37,74.03759195402299,0.0005206896551724138,7.0327740466729345e-06,1609500,2628999.7780914395,34.69634241245136
2,28492,12.0,1896298.875,38,66.55548487294679,0.0013259862417520708,1.9923019782416948e-05,1082696,2628999.7780914395,34.69634241245136
2,37327,92.0,1967476.375,91,52.709201784231254,0.0019037158089318725,3.611733330215973e-05,3396757,1996164.7493421054,56.04810526315789
2,47602,78.0,2249592.5,86,47.25836099323558,0.001756018654678375,3.715784080894651e-05,4093772,1996164.7493421054,56.04810526315789
3,64630,96.0,1408291.375,74,21.790056862138325,0.00015194182268296456,6.972988810642968e-06,4782620,2628999.7780914395,34.69634241245136
2,20920,15.0,1042108.5,68,49.81398183556405,0.002016730401529637,4.048522778578238e-05,1422560,997971.7780206897,35.177241379310345
2,22128,94.0,608359.6875,90,27.492755219631235,0.001140636297903109,4.148861359259607e-05,1991520,997971.7780206897,35.177241379310345
1,48139,98.0,859236.625,48,17.84907507426411,0.0004989717277051871,2.7955046725341813e-05,2310672,2274415.943082143,33.59196428571429
2,21364,86.0,965651.125,67,45.1999215970792,0.002050177869312863,4.535799613965136e-05,1431388,997971.7780206897,35.177241379310345
1,25735,82.0,1169394.875,20,45.43986302700602,0.0007033223236836993,1.5478090751851465e-05,514700,2274415.943082143,33.59196428571429
2,49965,82.0,3377209.75,13,67.59150905633943,0.0005912138496947864,8.746865663289051e-06,649545,2274415.943082143,33.59196428571429
2,20028,95.0,511797.4063,87,25.55409458258438,0.0007100059916117436,2.7784431544509766e-05,1742436,2628999.7780914395,34.69634241245136
7,23622,100.0,552007.5,116,23.368364236728475,0.00042121750910168484,1.8025117412353997e-05,2740152,2628999.7780914395,34.69634241245136
3,23563,67.0,883197.6875,114,37.48239559903238,0.0002614268132241226,6.9746559430388e-06,2686182,2628999.7780914395,34.69634241245136
2,26160,55.0,2186018.5,38,83.56339831804281,0.0005825688073394495,6.971578694324865e-06,994080,2274415.943082143,33.59196428571429
5,26840,24.0,1989287.0,110,74.11650521609538,0.0005167660208643815,6.972347378734189e-06,2952400,2628999.7780914395,34.69634241245136
2,46800,86.0,1245187.5,110,26.606570512820515,0.00018547008547008546,6.970837725242183e-06,5148000,2274415.943082143,33.59196428571429
3,37350,51.0,2067352.5,37,55.3508032128514,0.0003917001338688086,7.076683826294742e-06,1381950,2628999.7780914395,34.69634241245136
3,28800,50.0,1345025.75,108,46.70228298611111,0.0010003472222222221,2.1419664270368057e-05,3110400,2628999.7780914395,34.69634241245136
3,28584,75.0,1696978.75,62,59.3681342709208,0.002114119787293591,3.5610345739450185e-05,1772208,2628999.7780914395,34.69634241245136
2,26270,32.0,1560461.75,85,59.40090407308717,0.0012858774267224971,2.1647438650771157e-05,2232950,2274415.943082143,33.59196428571429
3,49800,50.0,2385395.0,90,47.89949799196787,0.0003339357429718875,6.971591707033845e-06,4482000,2628999.7780914395,34.69634241245136
5,57800,87.0,2443065.25,26,42.267564878892735,0.001146885813148789,2.7133945767514806e-05,1502800,3010660.921875,84.3
2,31890,2.0,1858224.625,61,58.26982204452806,0.00040608341172781434,6.969017537371188e-06,1945290,3669635.28125,56.4375
2,30438,53.0,1441900.5,91,47.37172284644195,0.0013696694920822656,2.8913229449604877e-05,2769858,2628999.7780914395,34.69634241245136
4,26670,51.0,1553208.375,64,58.238034308211475,0.00040607424071991,6.97266392218623e-06,1706880,2247036.2352941176,32.411764705882355
4,44416,61.0,2669564.25,49,60.10366196865994,0.001638598703170029,2.7262876328973916e-05,2176384,3010660.921875,84.3
2,45991,77.0,1145535.75,88,24.9078243569394,0.0007921115000761018,3.1801713739619215e-05,4047208,997971.7780206897,35.177241379310345
3,21499,85.0,605130.6875,95,28.146922531280524,0.00019628819945113725,6.97370020587495e-06,2042405,2395087.953125,53.75333333333333
2,20384,16.0,1791071.375,27,87.86653134811617,0.0006823979591836735,7.766301329002033e-06,550368,2628999.7780914395,34.69634241245136
2,54284,18.0,6778694.0,60,124.87462235649546,0.0011718001621103824,9.383813460232901e-06,3257040,2274415.943082143,33.59196428571429
1,23409,67.0,2545405.0,60,108.73616984920329,0.0012136357811098296,1.116128867508314e-05,1404540,2274415.943082143,33.59196428571429
4,32356,81.0,1857154.75,89,57.3975383236494,0.002315490171838299,4.034128012218691e-05,2879684,3669635.28125,56.4375
7,48220,24.0,3993913.25,56,82.82690273745334,0.0026192451265035256,3.162312050718678e-05,2700320,3010660.921875,84.3
5,32256,51.0,3460275.5,38,107.27540612599206,0.0030738467261904765,2.865378782700973e-05,1225728,2628999.7780914395,34.69634241245136
2,23931,88.0,496477.3125,106,20.74620001253604,0.0007797417575529648,3.7584799003277716e-05,2536686,997971.7780206897,35.177241379310345
2,21393,57.0,845961.375,68,39.54384027485626,0.0015257327163090732,3.858332184492466e-05,1454724,997971.7780206897,35.177241379310345
2,47560,80.0,1132489.625,26,23.81180876787216,0.0006986963835155592,2.9342432165769287e-05,1236560,1418871.6024444446,33.09
6,62334,100.0,1076733.25,10,17.273610710045883,0.0005611704687650399,3.248715501262731e-05,623340,2578887.625,52.905
2,21600,72.0,1261536.75,59,58.40447916666667,0.001799537037037037,3.0811627168213685e-05,1274400,1996164.7493421054,56.04810526315789
3,22860,43.0,931148.625,21,40.732660761154854,0.00028390201224846894,6.969886252047035e-06,480060,1996164.7493421054,56.04810526315789
1,26366,88.0,888031.875,44,33.680948001213686,0.0012220283698702874,3.628248141430734e-05,1160104,997971.7780206897,35.177241379310345
2,21732,2.0,860364.1875,51,39.58973805908338,0.0010854960427020062,2.7418621489286477e-05,1108332,997971.7780206897,35.177241379310345
1,38624,83.0,1424157.25,58,36.87233973695112,0.0010040389395194699,2.7230139087520007e-05,2240192,1996164.7493421054,56.04810526315789
3,32960,71.0,813641.0,116,24.68570995145631,0.0001720266990291262,6.968675374028595e-06,3823360,2274415.943082143,33.59196428571429
3,20571,72.0,716279.6875,86,34.81987688979631,0.0002425744980798211,6.966552433472435e-06,1769106,3010660.921875,84.3
2,47992,17.0,3040195.5,90,63.347964244040675,0.002466452742123687,3.8934996121137605e-05,4319280,997971.7780206897,35.177241379310345
3,28572,16.0,2717863.25,23,95.12331128377433,0.0031348873022539548,3.2956036327434795e-05,657156,2395087.953125,53.75333333333333
2,31386,52.0,1128179.125,16,35.94529806283056,0.0008647167526922832,2.4056463551388614e-05,502176,997971.7780206897,35.177241379310345
2,57619,68.0,2641681.75,4,45.847407105295126,0.0003484961557819469,7.601218428374273e-06,230476,2628999.7780914395,34.69634241245136
1,55206,75.0,2345752.5,45,42.49089772850777,0.001120168097670543,2.636254251034583e-05,2484270,1996164.7493421054,56.04810526315789
3,78374,98.0,3321035.75,35,42.37420254165922,0.0002953785694235333,6.97071689156011e-06,2743090,2578887.625,52.905
5,39960,77.0,2178690.5,116,54.52178428428429,0.0012507507507507508,2.2940385520568432e-05,4635360,2628999.7780914395,34.69634241245136
6,35820,94.0,3321603.0,107,92.73040201005026,0.0036454494695700728,3.93123440700168e-05,3832740,3010660.921875,84.3
3,49744,98.0,2096835.5,51,42.15253095850756,0.0017949903505950467,4.258321647072458e-05,2536944,1996164.7493421054,56.04810526315789
2,37816,60.0,1411305.5,93,37.32032737465623,0.001148984556801354,3.078709747818598e-05,3516888,997971.7780206897,35.177241379310345
2,25762,100.0,1906384.875,70,73.99987869730612,0.0005158760965763528,6.971310029932964e-06,1803340,5155351.229166667,61.555
3,43387,60.0,2686765.0,35,61.92557678567313,0.0007871021273653398,1.2710452905259671e-05,1518545,2628999.7780914395,34.69634241245136
1,37500,36.0,1811506.375,31,48.30683666666667,0.0003509333333333333,7.264672198572859e-06,1162500,1334609.24919344,29.69568
2,39000,25.0,2615247.75,26,67.05763461538461,0.0008697435897435898,1.2970090500985998e-05,1014000,2247036.2352941176,32.411764705882355
1,51704,62.0,1799402.75,45,34.8020027464026,0.0008061271855175615,2.316324124768621e-05,2326680,1996164.7493421054,56.04810526315789
1,29740,57.0,1467060.25,55,49.32953093476799,0.0006664425016812374,1.351001092150101e-05,1635700,2628999.7780914395,34.69634241245136
2,39170,81.0,2130673.75,46,54.39555144243043,0.0016099055399540466,2.959627207121691e-05,1801820,2628999.7780914395,34.69634241245136
1,20000,75.0,557863.6875,102,27.893184375,0.0001945,6.9730295897777e-06,2040000,2274415.943082143,33.59196428571429
2,32400,91.0,248616.0,61,7.673333333333333,5.339506172839506e-05,6.958522379895099e-06,1976400,1334609.24919344,29.69568
1,26680,92.0,243518.2031,61,9.127368931784108,6.371814092953523e-05,6.98099763532626e-06,1627480,1418871.6024444446,33.09
1,31521,6.0,1788148.0,63,56.728783985279655,0.0019577424574093462,3.451056623948353e-05,1985823,1334609.24919344,29.69568
1,35579,72.0,1096646.25,18,30.82285196323674,0.0010975575479917929,3.560856566098685e-05,640422,1418871.6024444446,33.09
1,49950,77.0,238969.7031,41,4.784178240240241,3.3433433433433435e-05,6.988333576751219e-06,2047950,1418871.6024444446,33.09
3,62078,97.0,1955013.5,15,31.492855762105737,0.0008165533683430523,2.592820970289975e-05,931170,1996164.7493421054,56.04810526315789
2,22612,87.0,731321.8125,69,32.34219938528215,0.001397488059437467,4.320943182588308e-05,1560228,997971.7780206897,35.177241379310345
1,30545,12.0,1577040.875,78,51.63008266492061,0.0020144049762645276,3.901610983925829e-05,2382510,1334609.24919344,29.69568
3,32691,99.0,971990.3125,94,29.73265768866049,0.0009121776635771313,3.0679318113059897e-05,3072954,1996164.7493421054,56.04810526315789
2,24227,55.0,1086678.125,53,44.85401102076196,0.0019643373096132418,4.3794016742538184e-05,1284031,997971.7780206897,35.177241379310345
1,27000,61.0,651293.3125,60,24.121974537037037,0.0006981481481481482,2.894241294700842e-05,1620000,1418871.6024444446,33.09
3,95501,88.0,3009967.0,17,31.51764902985309,0.0006590506905686851,2.0910528254960934e-05,1623517,1996164.7493421054,56.04810526315789
2,21183,99.0,361542.0938,59,17.067558598876456,0.00011896331964311004,6.97014273915786e-06,1249797,2628999.7780914395,34.69634241245136
3,25558,91.0,755618.1875,55,29.564840265278974,0.00024180295797793252,8.178733786764495e-06,1405690,2628999.7780914395,34.69634241245136
5,82234,62.0,4704936.5,31,57.21400515601819,0.0003988617846632779,6.971401208071564e-06,2549254,2628999.7780914395,34.69634241245136
3,21118,49.0,1361427.75,28,64.46764608390946,0.001870442276730751,2.901365863888113e-05,591304,2395087.953125,53.75333333333333
5,126842,98.0,4489661.0,3,35.395697008877185,0.0005696851200706391,1.609475637470179e-05,380526,2628999.7780914395,34.69634241245136
2,20500,48.0,1326178.125,116,64.69161585365853,0.0005497560975609756,8.49810427992092e-06,2378000,2628999.7780914395,34.69634241245136
2,25521,82.0,605186.3125,86,23.713267994984523,0.000606167469926727,2.556237588403819e-05,2194806,997971.7780206897,35.177241379310345
1,23190,79.0,1705515.25,30,73.54528891763691,0.002938335489435101,3.995273569087113e-05,695700,1996164.7493421054,56.04810526315789
1,20678,98.0,770333.0,56,37.2537479446755,0.0015780056098268693,4.235830478507347e-05,1157968,2628999.7780914395,34.69634241245136
3,28820,43.0,2595783.5,94,90.06882373351839,0.003693615544760583,4.100881294607197e-05,2709080,1996164.7493421054,56.04810526315789
2,27876,69.0,1829981.375,62,65.64720099727364,0.002474171330176496,3.768890817263099e-05,1728312,997971.7780206897,35.177241379310345
1,48789,94.0,1298307.625,91,26.6106627518498,0.0006027998114329049,2.2652566644211153e-05,4439799,1996164.7493421054,56.04810526315789
1,33105,79.0,1725336.25,91,52.11708956351004,0.002107536625887328,4.043849423554394e-05,3012555,1996164.7493421054,56.04810526315789
1,22320,62.0,439065.9063,39,19.671411572580645,0.0001370967741935484,6.969340948803248e-06,870480,1334609.24919344,29.69568
2,40029,69.0,1471914.25,34,36.771197132079244,0.00025631417222513677,6.970514756549167e-06,1360986,2628999.7780914395,34.69634241245136
2,28304,67.0,1269367.5,46,44.84763637648389,0.0003126766534765404,6.971976200745647e-06,1301984,2628999.7780914395,34.69634241245136
2,25872,41.0,2399353.5,47,92.7393900742115,0.003167903525046382,3.415920163494041e-05,1215984,2628999.7780914395,34.69634241245136
1,20500,65.0,222600.0938,47,10.85854116097561,7.560975609756097e-05,6.963159689378352e-06,963500,1334609.24919344,29.69568
2,21436,95.0,534703.6875,58,24.944191430304162,0.00017400634446725134,6.97582621402812e-06,1243288,2628999.7780914395,34.69634241245136
3,23307,94.0,1126157.25,31,48.31841292315613,0.001205217316685974,2.4943230618992153e-05,722517,2628999.7780914395,34.69634241245136
2,25920,5.0,478690.0938,100,18.46798201388889,0.000128858024691358,6.977374387437136e-06,2592000,2274415.943082143,33.59196428571429
2,25920,93.0,1011667.5,97,39.03038194444444,0.0005289351851851852,1.3551883400425536e-05,2514240,2274415.943082143,33.59196428571429
2,25920,75.0,1793851.375,97,69.20722897376544,0.0017932098765432098,2.59107307593975e-05,2514240,2628999.7780914395,34.69634241245136
5,27730,79.0,1291405.25,15,46.570690587811036,0.00032455824017309774,6.96915240200549e-06,415950,2628999.7780914395,34.69634241245136
2,20516,98.0,1021796.625,105,49.804865714564244,0.0020491323844804054,4.1143216733564766e-05,2154180,2274415.943082143,33.59196428571429
3,27480,88.0,1215156.25,110,44.21965975254731,0.0003082241630276565,6.9702970297029706e-06,3022800,2274415.943082143,33.59196428571429
1,46958,95.0,1818867.875,69,38.733929788321475,0.0006456833766344393,1.666970999748951e-05,3240102,2628999.7780914395,34.69634241245136
1,26532,5.0,1934224.25,32,72.9015622644354,0.00250753806723956,3.4396218535673926e-05,849024,1418871.6024444446,33.09
2,35600,47.0,2173143.75,30,61.04336376404494,0.0005151685393258427,8.439386487893403e-06,1068000,2628999.7780914395,34.69634241245136
3,62000,81.0,1799664.125,67,29.02684072580645,0.0013280645161290324,4.5752981823761146e-05,4154000,997971.7780206897,35.177241379310345
2,23600,82.0,776248.6875,35,32.89189353813559,0.00022923728813559324,6.969415970832157e-06,826000,2628999.7780914395,34.69634241245136
3,40067,43.0,2303732.75,30,57.49701125614595,0.0004008286120747747,6.97129473894053e-06,1202010,2628999.7780914395,34.69634241245136
3,19497,67.0,1074989.0,27,55.13612350618044,0.00038416166589731754,6.967513155948573e-06,526419,2628999.7780914395,34.69634241245136
3,25262,54.0,1469556.25,37,58.17260114005225,0.0009441057715145278,1.6229388973712303e-05,934694,2628999.7780914395,34.69634241245136
3,34106,57.0,1619177.125,36,47.47484680114936,0.00033102679880372954,6.972677556817633e-06,1227816,2628999.7780914395,34.69634241245136
3,34545,29.0,2313978.75,36,66.98447676943118,0.00046692719641047904,6.970677669360619e-06,1243620,2628999.7780914395,34.69634241245136
3,70296,86.0,2782066.5,36,39.576455274837826,0.00027583361784454306,6.9696392951067135e-06,2530656,2628999.7780914395,34.69634241245136
4,27838,77.0,1217509.125,114,43.73550991450535,0.0003049788059487032,6.973253691219768e-06,3173532,2628999.7780914395,34.69634241245136
2,39815,62.0,2050600.75,65,51.50322114780862,0.0010101720457114153,1.961376440538218e-05,2587975,2628999.7780914395,34.69634241245136
1,48112,73.0,1485945.875,44,30.88514040156302,0.0002153308945793149,6.971990147353112e-06,2116928,1334609.24919344,29.69568
2,26275,27.0,1772188.5,15,67.44770694576594,0.00047002854424357755,6.968784641137215e-06,394125,2628999.7780914395,34.69634241245136
1,26115,43.0,1689372.625,18,64.68974248516179,0.0014068542982959985,2.174771832827586e-05,470070,2274415.943082143,33.59196428571429
1,26033,78.0,1149140.25,67,44.14167594975608,0.0017412514884953712,3.94468821364494e-05,1744211,997971.7780206897,35.177241379310345
4,48660,82.0,1881516.125,9,38.666587032470204,0.0012737361282367447,3.2941519435556256e-05,437940,1996164.7493421054,56.04810526315789
4,29796,47.0,2233262.0,107,74.9517384883877,0.0026708282991005504,3.563397398066147e-05,3188172,2395087.953125,53.75333333333333
2,26400,36.0,983595.875,96,37.257419507575754,0.0006484848484848485,1.7405522364558513e-05,2534400,2274415.943082143,33.59196428571429
3,38148,98.0,1262255.75,98,33.088386022858344,0.00023068050749711652,6.971645801573889e-06,3738504,2628999.7780914395,34.69634241245136
5,31945,4.0,1806468.0,61,56.549319142275785,0.00039411488495852247,6.969401063290354e-06,1948645,997971.7780206897,35.177241379310345
5,52908,43.0,4480961.0,31,84.69344900582142,0.0005904589098057005,6.971718789786387e-06,1640148,2628999.7780914395,34.69634241245136
4,34680,92.0,1169948.875,116,33.735550028835064,0.0007606689734717416,2.25479938172512e-05,4022880,2274415.943082143,33.59196428571429
1,36504,2.0,2100982.75,101,57.554863850536925,0.0005687047994740303,9.881090170778414e-06,3686904,2274415.943082143,33.59196428571429
6,35200,8.0,2998208.25,109,85.17637073863636,0.00059375,6.970829994881109e-06,3836800,2628999.7780914395,34.69634241245136
5,35840,83.0,1538750.625,109,42.933890206473215,0.0013490513392857143,3.142159568578567e-05,3906560,2628999.7780914395,34.69634241245136
2,25920,60.0,1333432.125,75,51.444140625,0.00035879629629629635,6.974483234382853e-06,1944000,1378786.5625,9.6125
4,30525,17.0,2883139.0,88,94.45172809172809,0.0024114660114660114,2.553120054218683e-05,2686200,2628999.7780914395,34.69634241245136
2,20570,2.0,2946756.25,54,143.2550437530384,0.004158969372873116,2.9031922813432566e-05,1110780,2247036.2352941176,32.411764705882355
3,73549,90.0,2828950.5,106,38.463480128893664,0.0014609308080327402,3.798228353589079e-05,7796194,2628999.7780914395,34.69634241245136
3,37796,55.0,2465983.5,54,65.24456291671076,0.0032651603344269232,5.004494150102789e-05,2040984,997971.7780206897,35.177241379310345
1,36444,80.0,161311.0938,56,4.426273016134343,3.073208209856218e-05,6.94310585599662e-06,2040864,1334609.24919344,29.69568
1,27553,63.0,966677.125,66,35.08427848147207,0.0011472434943563313,3.269964622365508e-05,1818498,1334609.24919344,29.69568
2,45271,57.0,2553763.5,52,56.410582933887035,0.0018272183075257891,3.239140977619893e-05,2354092,2274415.943082143,33.59196428571429
3,16200,62.0,1372213.375,96,84.70452932098766,0.002208024691358025,2.606737454370025e-05,1555200,2628999.7780914395,34.69634241245136
3,26176,95.0,966907.375,90,36.93869861705379,0.0012259321515892421,3.318828755443095e-05,2355840,2628999.7780914395,34.69634241245136
1,37740,1.0,7442314.5,90,197.19964228934816,0.0019470058293587706,9.873272622381117e-06,3396600,2628999.7780914395,34.69634241245136
3,23241,66.0,739210.5,7,31.806312120820962,0.0008880857105976508,2.7921681307286625e-05,162687,997971.7780206897,35.177241379310345
4,38038,84.0,2003807.75,17,52.679103790945895,0.0003672643146327357,6.971726703821761e-06,646646,2628999.7780914395,34.69634241245136
4,40000,92.0,2524228.25,9,63.10570625,0.001945,3.082130152057366e-05,360000,2628999.7780914395,34.69634241245136
6,29910,92.0,7429423.0,3,248.39261116683383,0.0028923436977599465,1.1644242089863507e-05,89730,2628999.7780914395,34.69634241245136
4,35780,77.0,1912760.75,90,53.45893655673561,0.00037255449972051425,6.968984490088476e-06,3220200,2628999.7780914395,34.69634241245136
4,17824,41.0,564754.1875,52,31.685041937836626,0.00022105026929982046,6.976486562129298e-06,926848,2628999.7780914395,34.69634241245136
4,47686,72.0,2071670.25,97,43.443992995847836,0.0016247955374743112,3.739977440907886e-05,4625542,2628999.7780914395,34.69634241245136
4,47265,91.0,1717130.875,26,36.32986089072252,0.00025325293557600765,6.970930506389037e-06,1228890,2843841.6666666665,25.963333333333328
4,36160,47.0,1862176.875,106,51.49825428650443,0.00035896017699115043,6.970336800042155e-06,3832960,2628999.7780914395,34.69634241245136
5,66900,100.0,1634178.25,107,24.427178624813155,0.00021121076233183858,8.646547584389892e-06,7158300,2628999.7780914395,34.69634241245136
3,36959,13.0,3205182.5,16,86.72265212803377,0.0006077004247950432,7.007401294622069e-06,591344,2628999.7780914395,34.69634241245136
5,44860,68.0,3600571.25,52,80.26239968791796,0.0009188586714222024,1.1448183395898636e-05,2332720,2628999.7780914395,34.69634241245136
2,21128,97.0,436604.0938,57,20.664714776599773,0.00014388489208633093,6.962829811194043e-06,1204296,2628999.7780914395,34.69634241245136
4,38520,37.0,2804534.0,57,72.80721703011423,0.0019535306334371753,2.6831552051071585e-05,2195640,3010660.921875,84.3
3,24930,95.0,867184.375,55,34.78477236261532,0.0012121941436020857,3.484841386815808e-05,1371150,3010660.921875,84.3
1,27338,56.0,581289.0,56,21.263040456507426,0.00014814543858365645,6.9672744538430965e-06,1530928,997971.7780206897,35.177241379310345
3,45864,94.0,2590622.0,86,56.484868306296875,0.002516788766788767,4.4556867038109e-05,3944304,2628999.7780914395,34.69634241245136
2,49252,23.0,3485865.5,17,70.77612076666938,0.002130065784130594,3.0095825556092166e-05,837284,1996164.7493421054,56.04810526315789
1,34005,94.0,991918.0,66,29.169769151595354,0.00029848551683575944,1.0232700686951946e-05,2244330,1996164.7493421054,56.04810526315789
1,41221,83.0,2246747.5,67,54.50492467431649,0.001127095412532447,2.0678781215957735e-05,2761807,1996164.7493421054,56.04810526315789
3,33176,89.0,1426279.5,29,42.99130395466602,0.001083916083916084,2.521244959350534e-05,962104,2628999.7780914395,34.69634241245136
2,75605,83.0,2274873.5,16,30.088929303617487,0.0006701937702532901,2.2273765991823283e-05,1209680,1996164.7493421054,56.04810526315789
2,29525,77.0,1297812.75,8,43.956401354784084,0.000827095681625741,1.8816273765225378e-05,236200,1996164.7493421054,56.04810526315789
1,29380,33.0,856088.625,39,29.13848281143635,0.00020319945541184478,6.9735770639400795e-06,1145820,1334609.24919344,29.69568
2,22688,87.0,331675.0,94,14.618961565585332,0.0003116184767277856,2.1316047335494083e-05,2132672,997971.7780206897,35.177241379310345
2,41262,84.0,1903455.875,34,46.13096493141389,0.0003216034123406524,6.9715301385696686e-06,1402908,2628999.7780914395,34.69634241245136
3,45680,79.0,2077039.375,108,45.46933833187391,0.0019003940455341506,4.179506707714677e-05,4933440,997971.7780206897,35.177241379310345
1,23562,96.0,531737.1875,59,22.56757437823614,0.00015745692216280452,6.9771309722436895e-06,1390158,997971.7780206897,35.177241379310345
2,54528,75.0,1972078.625,28,36.16634802303404,0.00025216402582159625,6.972338640909918e-06,1526784,1996164.7493421054,56.04810526315789
2,45594,75.0,1351267.875,102,29.636967035136202,0.00020660613238584024,6.971230630344113e-06,4650588,1504418.3375,20.136
1,28126,44.0,870625.8125,41,30.954483840574557,0.0006623764488373746,2.1398400705010108e-05,1153166,1334609.24919344,29.69568
1,35000,53.0,378714.4063,52,10.820411608571428,7.542857142857144e-05,6.970952137238515e-06,1820000,1334609.24919344,29.69568
1,26150,6.0,1208407.625,54,46.21061663479924,0.0010152963671128108,2.197106295154336e-05,1412100,1334609.24919344,29.69568
2,24000,73.0,1088556.25,49,45.356510416666666,0.00031625,6.972538166952787e-06,1176000,2628999.7780914395,34.69634241245136
5,43594,38.0,2478045.5,48,56.84372849474698,0.001680506491719044,2.9563621814046598e-05,2092512,1996164.7493421054,56.04810526315789
1,22047,100.0,265774.9063,54,12.054923858121285,8.391164330747947e-05,6.9607775457618524e-06,1190538,997971.7780206897,35.177241379310345
1,31600,3.0,3363535.5,37,106.44099683544304,0.003268354430379747,3.070578562349052e-05,1169200,1334609.24919344,29.69568
1,35289,63.0,876425.0,9,24.835642834877724,0.0006772648700728272,2.7269874775365832e-05,317601,1334609.24919344,29.69568
1,28920,50.0,1750419.0,35,60.526244813278005,0.0027693637621023512,4.575475928906165e-05,1012200,1334609.24919344,29.69568
1,22176,60.0,736428.625,38,33.208361516955264,0.0014777236652236654,4.449854186480055e-05,842688,1334609.24919344,29.69568
1,31300,89.0,362874.0,38,11.593418530351437,0.0002900958466453674,2.5022459586523147e-05,1189400,1334609.24919344,29.69568
1,22000,14.0,700627.625,37,31.846710227272727,0.0002218181818181818,6.965183538116985e-06,814000,1334609.24919344,29.69568
3,39927,38.0,3568419.5,42,89.37359430961504,0.0006231372254364214,6.9722744200899025e-06,1676934,2628999.7780914395,34.69634241245136
2,20580,64.0,1002995.0,36,48.73639455782313,0.0003396501457725948,6.9691274632475734e-06,740880,2247036.2352941176,32.411764705882355
2,38745,76.0,2890379.0,48,74.60005161956381,0.0012806813782423538,1.716729882136564e-05,1859760,2247036.2352941176,32.411764705882355
3,38378,86.0,1645605.125,49,42.87886614727187,0.0014000208452759392,3.265060322414832e-05,1880522,2247036.2352941176,32.411764705882355
2,33576,64.0,1275231.75,36,37.980454789135095,0.0014811174648558492,3.899683332068857e-05,1208736,1334609.24919344,29.69568
2,21765,80.0,431390.4063,106,19.820372446588557,0.0007985297495979784,4.028833220716898e-05,2307090,997971.7780206897,35.177241379310345
2,26560,1.0,1751483.875,115,65.94442300451807,0.0024427710843373494,3.7042876001356274e-05,3054400,997971.7780206897,35.177241379310345
2,20140,49.0,116486.6016,59,5.78384317775571,4.021847070506455e-05,6.953589416072381e-06,1188260,1334609.24919344,29.69568
1,38582,85.0,1848878.5,61,47.920753200974545,0.0016728007879321966,3.490764806881578e-05,2353502,1996164.7493421054,56.04810526315789
1,25500,98.0,1213869.75,49,47.60273529411765,0.002168627450980392,4.555678234835327e-05,1249500,2628999.7780914395,34.69634241245136
3,35448,97.0,1379932.5,94,38.92835985104942,0.0017022116903633493,4.3726776490879083e-05,3332112,1996164.7493421054,56.04810526315789
3,41478,3.0,3035962.25,41,73.19451878104056,0.0018858189883793819,2.5764483731640602e-05,1700598,1334609.24919344,29.69568
1,39840,2.0,752104.0,36,18.878112449799197,0.0001315261044176707,6.967121568293747e-06,1434240,1334609.24919344,29.69568
1,40445,92.0,786253.6875,41,19.440071393250093,0.0007229571022376066,3.718901477330114e-05,1658245,997971.7780206897,35.177241379310345
1,23500,53.0,1137967.5,20,48.42414893617021,0.000565531914893617,1.1678716659307054e-05,470000,2274415.943082143,33.59196428571429
1,22420,82.0,1404253.75,49,62.63397636039251,0.0014179304192685103,2.2638358629984073e-05,1098580,2274415.943082143,33.59196428571429
3,25859,88.0,858780.625,34,33.21012510151205,0.0005762017092695,1.7350181834854507e-05,879206,2628999.7780914395,34.69634241245136
1,25600,1.0,1730600.625,42,67.6015869140625,0.0013382812499999998,1.9796595184980936e-05,1075200,1334609.24919344,29.69568
4,33385,89.0,1294615.25,8,38.77835105586341,0.00027048075483001346,6.975045288551945e-06,267080,2628999.7780914395,34.69634241245136
1,56884,71.0,1388345.125,56,24.406601592715,0.0006590605442655229,2.7003372090207037e-05,3185504,1334609.24919344,29.69568
1,32810,66.0,2017967.75,27,61.50465559280707,0.0014154221274001828,2.301325182228507e-05,885870,2274415.943082143,33.59196428571429
2,20022,80.0,657385.8125,55,32.8331741334532,0.0002287483767855359,6.96698941917004e-06,1101210,2628999.7780914395,34.69634241245136
2,36498,89.0,520011.8125,56,14.247679667379035,0.0004057756589402159,2.8480122266453325e-05,2043888,1418871.6024444446,33.09
4,24472,96.0,845044.125,9,34.531061008499506,0.00024272638117031712,7.029218740500681e-06,220248,2628999.7780914395,34.69634241245136
4,22365,71.0,727385.8125,37,32.52339872568746,0.0002266934942991281,6.9701661936113175e-06,827505,2628999.7780914395,34.69634241245136
4,30172,82.0,904059.875,22,29.963538214238365,0.00020880286358212913,6.968564996870367e-06,663784,2628999.7780914395,34.69634241245136
4,42500,100.0,241478.5938,89,5.681849265882353,3.952941176470588e-05,6.957138409508164e-06,3782500,1334609.24919344,29.69568
2,23500,26.0,1686405.0,48,71.76191489361702,0.001468936170212766,2.046957877852592e-05,1128000,2628999.7780914395,34.69634241245136
1,22282,93.0,579888.3125,50,26.02496690153487,0.0007481375100978369,2.874691495010947e-05,1114100,2628999.7780914395,34.69634241245136
2,37500,58.0,2235765.5,85,59.62041333333333,0.0011802666666666667,1.9796351629900363e-05,3187500,2628999.7780914395,34.69634241245136
3,23983,61.0,1164364.75,86,48.549587207605384,0.0013876495851227954,2.8582108828011156e-05,2062538,1996164.7493421054,56.04810526315789
1,24100,22.0,809870.8125,36,33.60459802904564,0.0012651452282157675,3.7647979812829715e-05,867600,1418871.6024444446,33.09
4,29722,64.0,1286817.375,33,43.29511388870197,0.00030179664894690805,6.970686108430888e-06,980826,2628999.7780914395,34.69634241245136
4,26048,78.0,1755788.5,33,67.40588528869779,0.0004699017199017199,6.971226887520906e-06,859584,2628999.7780914395,34.69634241245136
2,39497,9.0,1700057.375,61,43.04269628073018,0.0007160037471200345,1.663473269541859e-05,2409317,1334609.24919344,29.69568
2,27574,73.0,1211349.25,34,43.930849713498226,0.00030608544280844274,6.96743734311141e-06,937516,2628999.7780914395,34.69634241245136
1,24982,99.0,335245.0,51,13.419462012649108,9.366744055720118e-05,6.979969872779608e-06,1274082,2274415.943082143,33.59196428571429
5,43661,4.0,3936421.5,18,90.15875724330638,0.0018911614484322392,2.0975904130185245e-05,785898,2578887.625,52.905
3,48798,91.0,2472350.25,29,50.66499139308988,0.0003532931677527767,6.973122032365761e-06,1415142,2628999.7780914395,34.69634241245136
1,41615,69.0,1900006.25,50,45.65676438784092,0.0003183948095638592,6.973661270851083e-06,2080750,2274415.943082143,33.59196428571429
3,28841,55.0,1459199.75,28,50.59463090738879,0.0011587670330432372,2.2902964450206355e-05,807548,2247036.2352941176,32.411764705882355
2,42975,92.0,959352.0,92,22.32349040139616,0.000999650959860384,4.478022665299077e-05,3953700,1996164.7493421054,56.04810526315789
2,30659,88.0,2619088.5,28,85.42641638670537,0.0018216510649401482,2.132421260297237e-05,858452,2628999.7780914395,34.69634241245136
2,34759,81.0,1633105.375,37,46.983669697056875,0.0003276849161368279,6.974442785114218e-06,1286083,2247036.2352941176,32.411764705882355
1,21603,16.0,5833800.0,51,270.0458269684766,0.006012590843864278,2.2265075936782196e-05,1101753,5155351.229166667,61.555
1,42900,53.0,436252.5,37,10.169055944055945,7.086247086247087e-05,6.968441441596323e-06,1587300,1418871.6024444446,33.09
2,25840,92.0,313528.0938,60,12.1334401625387,8.475232198142415e-05,6.985019981644784e-06,1550400,1334609.24919344,29.69568
5,48237,89.0,1981115.25,15,41.07044903290006,0.00039637622571884654,9.65112958471245e-06,723555,2628999.7780914395,34.69634241245136
1,50546,94.0,1155080.5,45,22.852065445336923,0.00024037510386578563,1.0518747394662103e-05,2274570,1996164.7493421054,56.04810526315789
2,40657,57.0,2826828.0,19,69.52869124627985,0.0005804658484393832,8.348580104626105e-06,772483,2628999.7780914395,34.69634241245136
7,33548,94.0,1403820.0,46,41.84511744366281,0.0002918206748539406,6.973828553518257e-06,1543208,2628999.7780914395,34.69634241245136
3,21282,69.0,1245923.75,60,58.54354618926793,0.0029240672869091247,4.994687676513109e-05,1276920,2628999.7780914395,34.69634241245136
3,20590,100.0,409578.4063,31,19.892103268576978,0.0001389023797960175,6.9827900006651305e-06,638290,2628999.7780914395,34.69634241245136
1,21936,100.0,113130.0,39,5.157275711159738,0.0001226294675419402,2.3777954565544064e-05,855504,1334609.24919344,29.69568
2,66484,69.0,3046543.0,28,45.82370194332471,0.00031947536249323145,6.971836602995592e-06,1861552,2628999.7780914395,34.69634241245136
3,25151,85.0,1356874.75,57,53.949137211244086,0.0024670987237087987,4.57300867305549e-05,1433607,2628999.7780914395,34.69634241245136
6,35770,56.0,2640980.25,88,73.83226866088901,0.0031406206318143697,4.253723593730018e-05,3147760,3010660.921875,84.3
2,21315,34.0,2796425.0,43,131.19516772226132,0.0051916490734224725,3.9571953476313506e-05,916545,2628999.7780914395,34.69634241245136
4,41298,69.0,2190460.0,32,53.0403409366071,0.0005886483606954331,1.1098125507884189e-05,1321536,2628999.7780914395,34.69634241245136
3,34030,50.0,1748629.875,37,51.38495077872466,0.0006541287099617985,1.2729966654607227e-05,1259110,2628999.7780914395,34.69634241245136
1,41308,7.0,1642471.5,64,39.761583712598046,0.0009337174397211194,2.348290366073323e-05,2643712,1418871.6024444446,33.09
1,38255,12.0,985401.8125,59,25.758771729185728,0.000883544634688276,3.430072846552634e-05,2257045,1334609.24919344,29.69568
3,48924,71.0,2282551.25,27,46.65504149292781,0.0012108576567737715,2.5953415065707726e-05,1320948,2628999.7780914395,34.69634241245136
4,32297,88.0,1602084.375,57,49.60474270056042,0.0003458525559649503,6.972167118226841e-06,1840929,2628999.7780914395,34.69634241245136
3,35224,73.0,1994967.75,16,56.636604303883715,0.0003949012037247331,6.972543791748012e-06,563584,2628999.7780914395,34.69634241245136
2,24224,52.0,968026.3125,59,39.96145609725892,0.0011034511228533686,2.7612885780932736e-05,1429216,997971.7780206897,35.177241379310345
1,23706,78.0,400770.9063,53,16.905884851936218,0.0005534463848814646,3.273690727983864e-05,1256418,997971.7780206897,35.177241379310345
1,67450,97.0,2842819.5,57,42.14706449221646,0.000828169014084507,1.9649506414318602e-05,3844650,5155351.229166667,61.555
2,37616,100.0,1234095.5,37,32.8077280944279,0.00161021905572097,4.908048040042282e-05,1391792,2628999.7780914395,34.69634241245136
2,20671,98.0,638507.125,76,30.88902931643365,0.0011978133617144794,3.877795412228172e-05,1570996,2628999.7780914395,34.69634241245136
1,21600,57.0,499828.5938,89,23.140212675925923,0.0006648148148148148,2.8729848948469664e-05,1922400,1334609.24919344,29.69568
1,35844,14.0,866126.375,39,24.16377566677826,0.00016850797902019863,6.973578191750598e-06,1397916,997971.7780206897,35.177241379310345
3,31774,85.0,1639136.25,100,51.587343425442185,0.0005938817901428842,1.1512160749297077e-05,3177400,2628999.7780914395,34.69634241245136
1,26094,19.0,709990.8125,63,27.20896805779106,0.00018969878132904118,6.971921203557828e-06,1643922,1334609.24919344,29.69568
2,23687,68.0,1084553.75,33,45.78687676784734,0.00031916240976062816,6.970608879458487e-06,781671,2628999.7780914395,34.69634241245136
2,24221,20.0,1435562.75,33,59.269342719128026,0.0004132777341975971,6.972875271387475e-06,799293,2628999.7780914395,34.69634241245136
2,57836,37.0,5381105.0,116,93.04075316411924,0.0006485579915623486,6.9706872473218785e-06,6708976,2628999.7780914395,34.69634241245136
2,32027,54.0,3999505.25,116,124.87917226090487,0.0040094295438223996,3.210647116915273e-05,3715132,2628999.7780914395,34.69634241245136
3,34425,84.0,2018385.75,102,58.631394335511985,0.0014544662309368191,2.4806952783926462e-05,3511350,2628999.7780914395,34.69634241245136
2,52609,67.0,1801941.75,45,34.25158718090061,0.0008840692657149917,2.5811045223853654e-05,2367405,1996164.7493421054,56.04810526315789
3,28304,5.0,1961581.5,32,69.30403829847371,0.00048297060486150365,6.968866702709013e-06,905728,2247036.2352941176,32.411764705882355
1,29619,50.0,1280263.75,26,43.22440831898444,0.0014332016610959183,3.3157230297272735e-05,770094,1418871.6024444446,33.09
2,21592,47.0,1431784.0,94,66.31085587254539,0.0025120414968506856,3.788280913880865e-05,2029648,1996164.7493421054,56.04810526315789
2,23923,69.0,805643.5,85,33.67652468335911,0.000815533168916942,2.4216666552885986e-05,2033455,1996164.7493421054,56.04810526315789
3,25200,47.0,1748444.25,109,69.38270833333333,0.0014714285714285714,2.1207424829244627e-05,2746800,2628999.7780914395,34.69634241245136
2,28296,80.0,1328461.25,53,46.94872950240317,0.0003272547356516822,6.970470534989259e-06,1499688,2628999.7780914395,34.69634241245136
3,31357,55.0,1965075.625,17,62.66784529770067,0.0007169053161973403,1.143976329155271e-05,533069,2628999.7780914395,34.69634241245136
1,38412,62.0,1628540.0,92,42.39664688118297,0.0017455482661668227,4.117184717599813e-05,3533904,1334609.24919344,29.69568
1,24291,98.0,655422.375,63,26.9821075707052,0.0008072948828784323,2.9919637699277508e-05,1530333,2628999.7780914395,34.69634241245136
1,36544,5.0,1269847.75,50,34.74846075963222,0.00024217381786339754,6.969339434589698e-06,1827200,1334609.24919344,29.69568
1,21349,70.0,659761.875,69,30.903643027776475,0.0007981638484238137,2.5827500262878935e-05,1473081,1418871.6024444446,33.09
1,38630,33.0,416885.5938,80,10.791757540771421,7.533005436189491e-05,6.980332358033142e-06,3090400,1334609.24919344,29.69568
1,22803,78.0,764094.5,31,33.50850765250186,0.0009428583958251107,2.813788085112509e-05,706893,1334609.24919344,29.69568
1,41550,94.0,642645.1875,65,15.466791516245488,0.00010782190132370638,6.971187347450572e-06,2700750,1504418.3375,20.136
2,64493,85.0,1989763.875,16,30.852400648132356,0.00044299381328206163,1.435848763713232e-05,1031888,1996164.7493421054,56.04810526315789
2,42252,49.0,2203758.5,104,52.15749550317145,0.0024223705386727254,4.644338297504014e-05,4394208,1996164.7493421054,56.04810526315789
3,22895,96.0,440419.1875,35,19.23647903472374,0.0005643153526970954,2.9335688286741593e-05,801325,997971.7780206897,35.177241379310345
2,36740,100.0,1267463.125,14,34.49817977681002,0.0002406096897114861,6.974561883210606e-06,514360,2274415.943082143,33.59196428571429
1,41428,90.0,1404702.25,55,33.90707371825818,0.001068600946219948,3.151557563177535e-05,2278540,1996164.7493421054,56.04810526315789
1,52325,67.0,808968.1875,79,15.46045269947444,0.00034457716196846635,2.2287650217394984e-05,4133675,1334609.24919344,29.69568
1,25880,100.0,162960.0,72,6.296754250386399,4.4049459041731064e-05,6.995581737849779e-06,1863360,2274415.943082143,33.59196428571429
1,45842,99.0,819354.625,56,17.873448475197417,0.0002737664150778762,1.531693312892449e-05,2567152,1334609.24919344,29.69568
1,20520,20.0,1167887.75,50,56.91460769980507,0.001990740740740741,3.497767657893492e-05,1026000,1334609.24919344,29.69568
1,22972,12.0,495481.0,71,21.56890997736375,0.00015018283127285392,6.962930970107835e-06,1631012,1334609.24919344,29.69568
1,24990,80.0,523614.0938,63,20.952944929971988,0.0003481392557022809,1.661528996834653e-05,1574370,1334609.24919344,29.69568
1,24354,10.0,735907.8125,50,30.21712295721442,0.0007099449782376611,2.3494790660345107e-05,1217700,1418871.6024444446,33.09
1,33600,58.0,847419.375,57,25.220814732142856,0.00045684523809523807,1.8113817612442482e-05,1915200,1418871.6024444446,33.09
1,25520,100.0,1610794.75,59,63.11891653605016,0.002311912225705329,3.66278819818602e-05,1505680,1504418.3375,20.136
1,41526,79.0,1814947.0,46,43.70628040263931,0.0013495159659008813,3.0876934698368604e-05,1910196,1996164.7493421054,56.04810526315789
2,24291,87.0,920430.625,42,37.89183751183566,0.0002642954180560701,6.974996078601795e-06,1020222,2628999.7780914395,34.69634241245136
2,20738,44.0,526752.8125,58,25.40036707975697,0.00017696981386826116,6.967214816722027e-06,1202804,2274415.943082143,33.59196428571429
2,21329,1.0,2654316.0,30,124.44634066294716,0.0008673636832481598,6.969780538564361e-06,639870,2247036.2352941176,32.411764705882355
1,23143,75.0,1139980.625,33,49.25811800544441,0.0016795575335954716,3.409707072872401e-05,763719,2628999.7780914395,34.69634241245136
1,28800,73.0,2107743.75,54,73.185546875,0.0020875,2.852339142270022e-05,1555200,2628999.7780914395,34.69634241245136
1,39600,85.0,405050.4063,64,10.228545613636363,7.121212121212121e-05,6.962096460437497e-06,2534400,1334609.24919344,29.69568
1,39600,91.0,468396.9063,64,11.828204704545454,0.0002335858585858586,1.9748208998792016e-05,2534400,1334609.24919344,29.69568
1,41248,37.0,1108310.875,79,26.869445185221103,0.0004000193948797517,1.4887519713275392e-05,3258592,1418871.6024444446,33.09
2,35864,75.0,1228113.5,68,34.24362870845416,0.0012168190943564578,3.553417497649851e-05,2438752,997971.7780206897,35.177241379310345
1,20484,69.0,822636.625,62,40.15996021284905,0.0018736574887717244,4.665486416921931e-05,1270008,997971.7780206897,35.177241379310345
4,27642,4.0,1849331.25,32,66.90294660299544,0.00046631936907604374,6.970087159885499e-06,884544,2247036.2352941176,32.411764705882355
2,34110,31.0,2563985.5,56,75.16814717091762,0.000523893286426268,6.969618197918827e-06,1910160,2628999.7780914395,34.69634241245136
1,43390,87.0,533742.8125,46,12.301055830836598,8.573404010140585e-05,6.969648888714544e-06,1995940,1334609.24919344,29.69568
1,35400,84.0,419978.6875,57,11.863804731638417,0.0002624293785310734,2.21201700860118e-05,2017800,1334609.24919344,29.69568
1,28144,19.0,858701.0,50,30.510979249573623,0.0002920693575895395,9.572598611158017e-06,1407200,1418871.6024444446,33.09
3,71283,41.0,2491238.25,100,34.948560666638606,0.000605614241824839,1.7328732007065163e-05,7128300,1334609.24919344,29.69568
2,47368,99.0,1042652.625,37,22.011751076676237,0.00015347914203681808,6.972600294369373e-06,1752616,2628999.7780914395,34.69634241245136
5,49825,84.0,2602213.75,32,52.22706974410436,0.0008421475163070748,1.6124732259215832e-05,1594400,2628999.7780914395,34.69634241245136
1,36071,97.0,1519952.125,48,42.13778728064096,0.001407224640292756,3.339578869959473e-05,1731408,2274415.943082143,33.59196428571429
3,51672,97.0,1436510.375,27,27.80055687799969,0.0003928626722402849,1.4131467724345534e-05,1395144,1996164.7493421054,56.04810526315789
2,27270,36.0,2108861.75,26,77.33266409974331,0.0005390539053905391,6.970584961294878e-06,709020,2247036.2352941176,32.411764705882355
2,36000,95.0,1046187.625,109,29.06076736111111,0.0005011111111111111,1.7243560876568386e-05,3924000,2628999.7780914395,34.69634241245136
1,36000,59.0,1162163.125,103,32.28230902777778,0.0007366666666666666,2.2819515978017284e-05,3708000,2843841.6666666665,25.963333333333328
2,43200,38.0,1929851.5,101,44.67248842592593,0.001138425925925926,2.5483826087136755e-05,4363200,1334609.24919344,29.69568
4,40970,71.0,2912454.75,103,71.08749694898707,0.0011435196485233097,1.608608683104862e-05,4219910,2628999.7780914395,34.69634241245136
1,43794,88.0,1164537.75,41,26.591262501712563,0.0005366031876512764,2.0179680735983012e-05,1795554,2274415.943082143,33.59196428571429
1,48280,18.0,2701833.75,48,55.961759527754765,0.0016273819386909691,2.908024966377002e-05,2317440,1334609.24919344,29.69568
1,64314,86.0,2936336.25,68,45.656252915383895,0.001680038560811021,3.6797556819318633e-05,4373352,1996164.7493421054,56.04810526315789
2,20385,65.0,809291.8125,66,39.7003587196468,0.0016698552857493255,4.206146593136329e-05,1345410,997971.7780206897,35.177241379310345
1,24295,53.0,216115.0,70,8.895451739040954,6.215270631817246e-05,6.987020799111584e-06,1700650,997971.7780206897,35.177241379310345
2,20317,83.0,620994.3125,49,30.565256312447705,0.00021312201604567604,6.972688658883651e-06,995533,2628999.7780914395,34.69634241245136
1,32000,3.0,2186148.5,50,68.317140625,0.0013053125,1.9106661784412175e-05,1600000,1334609.24919344,29.69568
1,36000,44.0,2771820.5,43,76.99501388888889,0.003455555555555556,4.488025108407994e-05,1548000,1334609.24919344,29.69568
1,48020,71.0,2373568.25,37,49.42874323198667,0.001231570179092045,2.4916073089535133e-05,1776740,1334609.24919344,29.69568
1,27420,55.0,1176342.25,37,42.900884390955504,0.001424142961342086,3.319612128188034e-05,1014540,1334609.24919344,29.69568
2,43645,71.0,2053956.375,67,47.06051953259251,0.0019509680375758966,4.1456576700661425e-05,2924215,1996164.7493421054,56.04810526315789
1,26853,68.0,1399062.75,64,52.100798793430904,0.0007991658287714595,1.5338840234292565e-05,1718592,2274415.943082143,33.59196428571429
1,29394,60.0,1486681.75,24,50.57772844798258,0.000893719806763285,1.767022430994394e-05,705456,1334609.24919344,29.69568
2,20400,69.0,438557.0,90,21.497892156862743,0.0005965686274509804,2.7750098618879644e-05,1836000,1334609.24919344,29.69568
1,20460,16.0,903541.875,90,44.16138196480939,0.00030791788856304985,6.972560070887694e-06,1841400,2628999.7780914395,34.69634241245136
2,21870,45.0,1074350.375,61,49.12438843164152,0.0003424782807498857,6.971654847702734e-06,1334070,1504418.3375,20.136
1,43615,89.0,3133849.5,46,71.85256219190646,0.002438381290840307,3.393589896387813e-05,2006290,2247036.2352941176,32.411764705882355
3,36879,26.0,1144267.5,46,31.02761734320345,0.00021638330757341577,6.973893779208096e-06,1696434,2628999.7780914395,34.69634241245136
2,36600,80.0,308400.4063,34,8.426240609289616,5.87431693989071e-05,6.971456444543601e-06,1244400,1334609.24919344,29.69568
1,36701,87.0,1564891.75,57,42.63894035584862,0.0013073213263943761,3.066026771500329e-05,2091957,1996164.7493421054,56.04810526315789
1,48890,49.0,2100216.5,75,42.95799754551033,0.0012599713642871752,2.933030951809016e-05,3666750,1334609.24919344,29.69568
3,43473,3.0,4416909.5,16,101.60121224668185,0.0007082556989395717,6.970937484682446e-06,695568,2628999.7780914395,34.69634241245136
1,40265,19.0,3740373.75,26,92.89392151993046,0.000881162299764063,9.485683081804324e-06,1046890,2274415.943082143,33.59196428571429
1,26208,79.0,1608884.25,11,61.389051053113555,0.0014350579975579976,2.337644861648686e-05,288288,2274415.943082143,33.59196428571429
5,32250,92.0,796042.375,106,24.68348449612403,0.0003547286821705426,1.4371094252363135e-05,3418500,2628999.7780914395,34.69634241245136
1,51000,95.0,1298039.875,63,25.45176225490196,0.00027784313725490195,1.0916459711994595e-05,3213000,2274415.943082143,33.59196428571429
2,20150,80.0,576174.125,96,28.594249379652606,0.00019950372208436722,6.977057499761898e-06,1934400,2628999.7780914395,34.69634241245136
7,36000,40.0,1682454.875,107,46.73485763888889,0.00032583333333333336,6.971955191368803e-06,3852000,2628999.7780914395,34.69634241245136
1,22580,90.0,928584.875,89,41.12421944198406,0.00042736935341009745,1.0392157205877385e-05,2009620,2628999.7780914395,34.69634241245136
1,20000,18.0,743528.125,90,37.17640625,0.0016760000000000002,4.508235650130922e-05,1800000,1334609.24919344,29.69568
1,37247,69.0,1748644.5,52,46.9472574972481,0.0015668375976588718,3.3374422302532044e-05,1936844,2274415.943082143,33.59196428571429
1,25384,11.0,3027867.5,23,119.2825204853451,0.003042467696186574,2.5506400131445646e-05,583832,2274415.943082143,33.59196428571429
2,52110,34.0,586589.1875,116,11.256748944540396,0.00048263289195931683,4.287498054164184e-05,6044760,1334609.24919344,29.69568
1,26310,96.0,771512.6875,93,29.323933390345875,0.0005697453439756746,1.942936291634219e-05,2446830,2628999.7780914395,34.69634241245136
3,29874,95.0,1274049.75,54,42.64744426591685,0.001816629845350472,4.259645276803359e-05,1613196,1996164.7493421054,56.04810526315789
1,20140,35.0,992794.6875,51,49.29467167328699,0.0023376365441906653,4.742168808190767e-05,1027140,997971.7780206897,35.177241379310345
2,39953,93.0,1508561.875,45,37.758413010287086,0.0007020749380522113,1.8593867752358518e-05,1797885,2628999.7780914395,34.69634241245136
2,21200,15.0,1676426.5,18,79.0767216981132,0.0005514150943396226,6.97316583816827e-06,381600,2274415.943082143,33.59196428571429
1,30630,27.0,6058494.0,36,197.79608227228206,0.0013790401567091088,6.972029682624098e-06,1102680,5155351.229166667,61.555
2,23421,25.0,1896626.375,36,80.97973506682038,0.0005644507066308015,6.970271095170234e-06,843156,2274415.943082143,33.59196428571429
2,24120,66.0,893053.1875,88,37.025422367330016,0.0013076285240464344,3.531704543633354e-05,2122560,997971.7780206897,35.177241379310345
3,35736,88.0,1148202.25,87,32.13012788224759,0.0014313297515110813,4.4547900859800615e-05,3109032,997971.7780206897,35.177241379310345
1,51050,10.0,1206165.75,75,23.627144955925562,0.0005435847208619001,2.300678824614279e-05,3828750,1334609.24919344,29.69568
2,21900,40.0,1302192.875,62,59.46086187214612,0.001947945205479452,3.27601239562918e-05,1357800,2274415.943082143,33.59196428571429
1,16300,100.0,150167.7969,64,9.212748276073619,9.8159509202454e-05,1.0654747775686388e-05,1043200,1418871.6024444446,33.09
1,33462,1.0,1386445.375,52,41.43342821708206,0.0002889845197537505,6.974670747486175e-06,1740024,1334609.24919344,29.69568
1,23903,65.0,415364.5938,86,17.377090482366228,0.0006011797682299293,3.4596111980885934e-05,2055658,1334609.24919344,29.69568
4,46100,75.0,2177064.75,93,47.22483188720174,0.0016960954446854663,3.591533049258181e-05,4287300,1996164.7493421054,56.04810526315789
2,21936,96.0,608755.375,65,27.7514302972283,0.0013119985412107951,4.727678995852809e-05,1425840,997971.7780206897,35.177241379310345
2,23250,55.0,904236.0,49,38.89187096774194,0.00027096774193548386,6.967207675872228e-06,1139250,2628999.7780914395,34.69634241245136
1,30000,32.0,2794837.0,56,93.16123333333333,0.004024,4.31939322400555e-05,1680000,1334609.24919344,29.69568
1,51410,87.0,1968907.25,54,38.2981375218829,0.0012602606496790508,3.2906578001579304e-05,2776140,1996164.7493421054,56.04810526315789
4,23022,78.0,1027230.875,36,44.61953240378768,0.0006359134740682826,1.4251908072759204e-05,828792,2628999.7780914395,34.69634241245136
1,31569,12.0,3064039.5,54,97.05849092464126,0.00397826982166049,4.098837498668016e-05,1704726,1334609.24919344,29.69568
1,22509,57.0,177812.7969,60,7.899631120884979,5.5089075480918744e-05,6.973626317218117e-06,1350540,1334609.24919344,29.69568
1,39984,75.0,1073156.375,60,26.839645233093236,0.0009208683473389355,3.4310004448326556e-05,2399040,1334609.24919344,29.69568
2,73769,92.0,2556131.0,91,34.650476487413414,0.0012857704455801217,3.710686189401091e-05,6712979,1996164.7493421054,56.04810526315789
1,26440,91.0,719905.1875,110,27.22788152420575,0.0010563540090771557,3.879677558234014e-05,2908400,997971.7780206897,35.177241379310345
1,43578,83.0,1436773.875,55,32.97016556519345,0.0005651934462343384,1.7142572278466575e-05,2396790,1996164.7493421054,56.04810526315789
3,23355,77.0,840549.375,67,35.99012524084778,0.00025090986940697925,6.971630905085142e-06,1564785,2628999.7780914395,34.69634241245136
4,30840,30.0,3542708.5,51,114.87381647211414,0.00328177691309987,2.8568537321092037e-05,1572840,2628999.7780914395,34.69634241245136
1,21850,100.0,317794.4063,116,14.544366421052631,0.0005990846681922197,4.1190152313892385e-05,2534600,997971.7780206897,35.177241379310345
4,45500,77.0,2799595.0,102,61.52956043956044,0.0026813186813186814,4.35777317790609e-05,4641000,3010660.921875,84.3
1,23050,27.0,466672.6875,78,20.246103579175706,0.00014099783080260303,6.964195863723008e-06,1797900,1334609.24919344,29.69568
1,46059,82.0,1582655.875,86,34.361490153933,0.00044855511409279403,1.3054006449759649e-05,3961074,2274415.943082143,33.59196428571429
2,23595,72.0,817409.625,46,34.643340750158934,0.0002767535494808222,7.988650733100922e-06,1085370,2247036.2352941176,32.411764705882355
3,28142,96.0,847097.8125,116,30.100839048397415,0.0012110013502949328,4.023148153271851e-05,3264472,2628999.7780914395,34.69634241245136
4,39030,99.0,713326.875,114,18.276373943120678,0.00035075582884960284,1.9191762542242643e-05,4449420,2628999.7780914395,34.69634241245136
2,36940,100.0,336745.4063,100,9.11600991608013,6.36166756903086e-05,6.978565872124861e-06,3694000,2274415.943082143,33.59196428571429
1,30240,78.0,1264626.875,96,41.819671792328045,0.0006015211640211641,1.4383689260122675e-05,2903040,2274415.943082143,33.59196428571429
3,35202,2.0,3605755.5,37,102.43041588546106,0.0007141639679563662,6.972186550086383e-06,1302474,2628999.7780914395,34.69634241245136
2,24600,69.0,331059.5,106,13.45770325203252,0.00023008130081300814,1.709662462487861e-05,2607600,997971.7780206897,35.177241379310345
3,27544,94.0,1031667.5,99,37.45525341272146,0.0006320795817600929,1.6875592184497426e-05,2726856,2628999.7780914395,34.69634241245136
2,21562,20.0,866806.0,60,40.20063073926352,0.0017289676282348577,4.300847017671774e-05,1293720,997971.7780206897,35.177241379310345
3,38297,85.0,1845150.625,91,48.18003042013735,0.0018064078126223987,3.7492874057368624e-05,3485027,1996164.7493421054,56.04810526315789
1,24200,73.0,826488.6875,48,34.15242510330579,0.000924793388429752,2.7078410555982352e-05,1161600,997971.7780206897,35.177241379310345
2,23222,62.0,1219863.125,78,52.530493712858494,0.0023710274739471193,4.513621149094084e-05,1811316,1996164.7493421054,56.04810526315789
3,60000,52.0,3625407.5,112,60.423458333333336,0.0020271666666666667,3.354933204060509e-05,6720000,1996164.7493421054,56.04810526315789
3,30408,61.0,1440554.25,36,47.374186069455405,0.0003301762694027887,6.969539675440893e-06,1094688,1378786.5625,9.6125
3,30109,89.0,1465795.75,96,48.68297685077552,0.0011302268424723506,2.3216058581149523e-05,2890464,2628999.7780914395,34.69634241245136
2,39929,82.0,1813718.0,52,45.42357684890681,0.0011815973352701044,2.601286418285533e-05,2076308,1996164.7493421054,56.04810526315789
2,25481,92.0,917100.3125,56,35.99153535967976,0.0015144617558180606,4.207827592469608e-05,1426936,2628999.7780914395,34.69634241245136
2,27788,73.0,2119806.25,104,76.28495213761336,0.0012951633798762056,1.6977966736346777e-05,2889952,2628999.7780914395,34.69634241245136
4,33120,73.0,1943899.25,26,58.69261020531401,0.0017669082125603866,3.0104440855152346e-05,861120,3010660.921875,84.3
2,22324,53.0,588856.125,75,26.37771568715284,0.0010002687690378069,3.792097772609565e-05,1674300,1334609.24919344,29.69568
3,27600,84.0,1072151.375,94,38.846064311594205,0.0004554347826086957,1.1724090732990013e-05,2594400,2628999.7780914395,34.69634241245136
2,52901,75.0,2240342.0,45,42.349709835352826,0.0011379747074724486,2.6870897389773526e-05,2380545,1996164.7493421054,56.04810526315789
1,22583,95.0,1981360.0,62,87.73679316299872,0.0031404153566842318,3.579359631768079e-05,1400146,2578887.625,52.905
3,20660,92.0,720170.6875,35,34.858213334946754,0.0002429816069699903,6.970569737330498e-06,723100,2628999.7780914395,34.69634241245136
1,29400,69.0,227509.5,44,7.738418367346939,5.4081632653061225e-05,6.988719152387044e-06,1293600,1334609.24919344,29.69568
3,22452,85.0,1244150.0,24,55.413771601639056,0.0018653126670229825,3.366153598842584e-05,538848,3010660.921875,84.3
2,25767,22.0,1581352.75,104,61.37124034617922,0.0004276788139868824,6.968717131582438e-06,2679768,1378786.5625,9.6125
4,33910,75.0,1822834.25,63,53.75506487761722,0.0011268062518431142,2.0961862001440887e-05,2136330,2274415.943082143,33.59196428571429
2,78716,38.0,4103800.75,37,52.13426431729255,0.0006114385893592155,1.172815225008183e-05,2912492,1334609.24919344,29.69568
2,33300,92.0,1594733.625,106,47.889898648648646,0.002078078078078078,4.339282681143693e-05,3529800,1996164.7493421054,56.04810526315789
1,20962,58.0,1100499.75,59,52.49974954679897,0.0003659002003625608,6.9695608745026974e-06,1236758,2628999.7780914395,34.69634241245136
2,19193,17.0,1159807.125,40,60.42865237326109,0.0004215078414005106,6.975297724610892e-06,767720,1378786.5625,9.6125
4,22840,64.0,881386.1875,116,38.589587894045536,0.00026882661996497373,6.9662993215445635e-06,2649440,2628999.7780914395,34.69634241245136
1,20880,94.0,683274.0,116,32.72385057471264,0.00022796934865900383,6.966458551035163e-06,2422080,2628999.7780914395,34.69634241245136
2,25880,8.0,1941728.75,6,75.0281588098918,0.0007654559505409582,1.0202248898050255e-05,155280,2247036.2352941176,32.411764705882355
3,46485,83.0,1544995.75,66,33.2364364848876,0.0010117242121114338,3.0440213185052453e-05,3068010,997971.7780206897,35.177241379310345
4,56896,96.0,1402048.5,51,24.64230350112486,0.000500210911136108,2.029886983224903e-05,2901696,2628999.7780914395,34.69634241245136
2,27500,60.0,577123.125,38,20.986295454545456,0.0005378181818181818,2.5627113798290443e-05,1045000,997971.7780206897,35.177241379310345
2,36630,90.0,541943.3125,86,14.795067226317226,0.0001031941031941032,6.974899242805953e-06,3150180,2628999.7780914395,34.69634241245136
5,41920,95.0,1103594.75,110,26.326210639312976,0.00018344465648854964,6.968137534180912e-06,4611200,2628999.7780914395,34.69634241245136
5,36879,92.0,1537570.25,111,41.69229778464709,0.000730497030830554,1.7521150659620268e-05,4093569,2628999.7780914395,34.69634241245136
4,43484,18.0,1567040.75,110,36.03718034219483,0.00025112685125563424,6.968548839588249e-06,4783240,1334609.24919344,29.69568
2,26510,91.0,987063.6875,46,37.23363589211618,0.00042172764994341755,1.132652344684699e-05,1219460,2628999.7780914395,34.69634241245136
1,40028,80.0,942415.1875,78,23.54389895822924,0.00016888178275207354,7.173059273304634e-06,3122184,1334609.24919344,29.69568
3,26282,23.0,2188051.25,9,83.25284415189103,0.0005802450346244578,6.969672214030636e-06,236538,2628999.7780914395,34.69634241245136
1,21624,90.0,666687.5,62,30.830905475397707,0.00096929337772845,3.1439017530702166e-05,1340688,997971.7780206897,35.177241379310345
1,42239,83.0,2145603.5,46,50.79673997963967,0.0017209214233291506,3.387858008248029e-05,1942994,1996164.7493421054,56.04810526315789
3,51360,89.0,1403094.75,91,27.31882301401869,0.0005883956386292835,2.1538103538624173e-05,4673760,1996164.7493421054,56.04810526315789
5,40552,99.0,1200180.875,106,29.596095753600316,0.0013131288222529099,4.4368312401245355e-05,4298512,3010660.921875,84.3
2,24550,100.0,977230.3125,99,39.805715376782075,0.00027413441955193485,6.886810523491616e-06,2430450,2274415.943082143,33.59196428571429
2,61052,80.0,2366929.5,16,38.7690739042128,0.0007826115442573544,2.0186490556647335e-05,976832,1996164.7493421054,56.04810526315789
3,22124,82.0,637685.0,87,28.823223648526486,0.00020113903453263424,6.9783670621074674e-06,1924788,2395087.953125,53.75333333333333
3,27487,82.0,1594504.875,90,58.00941808855095,0.002399316040309965,4.136080173477049e-05,2473830,2395087.953125,53.75333333333333
4,23616,55.0,1656420.25,90,70.13974635840108,0.0022717649051490515,3.2389123472741896e-05,2125440,2395087.953125,53.75333333333333
3,33448,78.0,998633.5,40,29.856299330303756,0.00020808419038507534,6.969523854346965e-06,1337920,2395087.953125,53.75333333333333
2,22344,40.0,1522596.75,91,68.14342776584319,0.0024718045112781953,3.6273557000564985e-05,2033304,1996164.7493421054,56.04810526315789
2,32928,9.0,5652231.0,17,171.65424562682216,0.0011965500485908648,6.9706988267110806e-06,559776,2843841.6666666665,25.963333333333328
2,54943,94.0,2155390.25,88,39.22956973590812,0.0015244890158891944,3.88607121146623e-05,4834984,1996164.7493421054,56.04810526315789
1,44476,33.0,1368120.5,56,30.760871031567586,0.0006677758791258207,2.1708614116958264e-05,2490656,1334609.24919344,29.69568
1,35017,66.0,1295485.25,47,36.995894851072336,0.0007727675129222949,2.0887925972140553e-05,1645799,2628999.7780914395,34.69634241245136
3,29084,66.0,1632498.625,66,56.13047122129006,0.0020915279878971254,3.726189968460157e-05,1919544,2395087.953125,53.75333333333333
2,22952,98.0,470666.6875,53,20.506565331997212,0.0008400139421401185,4.096317099136106e-05,1216456,997971.7780206897,35.177241379310345
1,21040,43.0,592088.125,40,28.14107057984791,0.0009096958174904943,3.232626899923048e-05,841600,1334609.24919344,29.69568
2,28032,52.0,1321065.0,65,47.12703339041096,0.0016627425799086758,3.528213978873106e-05,1822080,1334609.24919344,29.69568
1,25620,82.0,550324.1875,42,21.48025712334114,0.0007985948477751757,3.717808605314118e-05,1076040,1418871.6024444446,33.09
3,33238,14.0,1632472.0,24,49.114627835609845,0.00034237920452494133,6.971023086460289e-06,797712,1334609.24919344,29.69568
4,27800,8.0,1181428.75,104,42.497437050359714,0.0013798561151079137,3.246916075133604e-05,2891200,1996164.7493421054,56.04810526315789
1,42128,93.0,1709307.5,62,40.57414308773262,0.0011761773642233193,2.898834762030822e-05,2611936,1996164.7493421054,56.04810526315789
2,44753,96.0,1638691.625,84,36.616352535025584,0.0013686233325140213,3.7377380262134435e-05,3759252,1996164.7493421054,56.04810526315789
2,57298,91.0,1586388.75,27,27.686633913923696,0.0001930259345875947,6.971809400438575e-06,1547046,1996164.7493421054,56.04810526315789
3,26373,75.0,964236.0,78,36.56148333522921,0.001447692716035339,3.9596115473805165e-05,2057094,997971.7780206897,35.177241379310345
1,42420,34.0,965425.1875,63,22.758726720886376,0.0006928335690711929,3.0442545295618776e-05,2672460,1334609.24919344,29.69568
1,35046,100.0,1063269.125,42,30.339243422929865,0.0005036238087085545,1.6599748440922704e-05,1471932,1334609.24919344,29.69568
1,43380,89.0,405062.0,42,9.337528815122177,6.500691562932226e-05,6.9618971910472965e-06,1821960,1334609.24919344,29.69568
3,20410,8.0,2720238.25,21,133.2796790788829,0.003813816756491916,2.8615140603952614e-05,428610,2628999.7780914395,34.69634241245136
3,18396,87.0,624125.625,33,33.927246412263536,0.0002364644487932159,6.969750681203002e-06,607068,2628999.7780914395,34.69634241245136
1,45174,84.0,1980825.25,60,43.84879023332005,0.0015249922521804577,3.477843388759306e-05,2710440,1996164.7493421054,56.04810526315789
1,24955,47.0,689803.0,14,27.641875375676218,0.0008763774794630335,3.170470409667688e-05,349370,997971.7780206897,35.177241379310345
2,32961,86.0,1573155.0,28,47.72776918176026,0.0019095294438882314,4.000877218074506e-05,922908,1996164.7493421054,56.04810526315789
1,109794,87.0,3296526.25,66,30.024648432519083,0.0010505127784760553,3.4988345686614815e-05,7246404,1996164.7493421054,56.04810526315789
3,23422,65.0,2701872.0,96,115.35616087439159,0.005467936128426266,4.740046900815434e-05,2248512,2628999.7780914395,34.69634241245136
5,38409,93.0,3392129.0,18,88.31599364732224,0.002177874977218881,2.466002914393881e-05,691362,2137021.729333333,38.79
2,23040,99.0,79711.79688,96,3.4597134062499997,3.776041666666667e-05,1.0914319260795468e-05,2211840,1334609.24919344,29.69568
2,61880,66.0,595936.5,58,9.630518745959922,6.706528765352296e-05,6.963829199923147e-06,3589040,1334609.24919344,29.69568
2,27938,97.0,1027394.313,91,36.77408236094208,0.00026165079819600543,7.115087077574664e-06,2542358,2628999.7780914395,34.69634241245136
2,30562,69.0,1622231.375,16,53.08001357895426,0.0018235063150317387,3.435391576001296e-05,488992,1996164.7493421054,56.04810526315789
3,54969,67.0,3724098.25,16,67.7490631082974,0.0007151303461951282,1.0555575433596577e-05,879504,2274415.943082143,33.59196428571429
3,25834,73.0,2076289.625,58,80.37042753735388,0.0020910428117984054,2.6017564866462214e-05,1498372,2628999.7780914395,34.69634241245136
2,27273,90.0,1258619.125,91,46.14890642760239,0.0017123162101712317,3.710415571509769e-05,2481843,1996164.7493421054,56.04810526315789
6,97229,100.0,1021754.688,12,10.508744181262792,7.322918059426715e-05,6.968404533515583e-06,1166748,2137021.729333333,38.79
3,25111,77.0,954352.6875,34,38.00536368523755,0.0009943849309067738,2.61643314123323e-05,853774,2628999.7780914395,34.69634241245136
2,31805,10.0,1641667.0,63,51.61663260493633,0.0021502908347744067,4.1658874790076186e-05,2003715,997971.7780206897,35.177241379310345
1,20811,95.0,1267348.5,63,60.89801066743549,0.002112824948344625,3.4694482220162805e-05,1311093,1996164.7493421054,56.04810526315789
2,22058,1.0,1987334.75,49,90.09587224589718,0.0030116057666152874,3.3426678620700414e-05,1080842,1334609.24919344,29.69568
1,28320,1.0,4236396.5,45,149.59027189265538,0.0023997175141242935,1.6041935640349053e-05,1274400,1418871.6024444446,33.09
1,29079,78.0,861643.6875,61,29.631132002476015,0.0007627497506791842,2.5741498860571643e-05,1773819,997971.7780206897,35.177241379310345
3,19232,82.0,726917.5,34,37.797290973377706,0.00026362312811980035,6.9746566838740304e-06,653888,2628999.7780914395,34.69634241245136
2,20535,7.0,1835804.0,28,89.39878256635014,0.001885074263452642,2.1086129020309357e-05,574980,2628999.7780914395,34.69634241245136
1,30800,65.0,485971.0,51,15.77827922077922,0.00011006493506493506,6.975724888933702e-06,1570800,1334609.24919344,29.69568
1,37400,73.0,924192.6875,94,24.71103442513369,0.0002085561497326203,8.43979843759584e-06,3515600,1334609.24919344,29.69568
5,54015,75.0,3020001.5,34,55.910423030639635,0.0003897065629917616,6.970195213479199e-06,1836510,2628999.7780914395,34.69634241245136
3,103000,89.0,5214621.5,25,50.62739320388349,0.0007881553398058253,1.556776460189872e-05,2575000,2274415.943082143,33.59196428571429
4,72859,55.0,1498457.875,112,20.566544627293815,0.00017060349442073045,8.295194818206017e-06,8160208,1334609.24919344,29.69568
2,138705,84.0,4959298.0,7,35.75428427237663,0.0008995349843192386,2.5158802717642697e-05,970935,1996164.7493421054,56.04810526315789
0,30287,32.0,2193115.0,56,72.41110047214977,0.001080331495361046,1.491941827035974e-05,1696072,2247036.2352941176,32.411764705882355
6,73102,84.0,4307238.5,31,58.92093923558863,0.00041079587425788623,6.9719844861156405e-06,2266162,2628999.7780914395,34.69634241245136
1,26263,64.0,1634669.375,23,62.24229429235046,0.00043407074591630815,6.97388730366347e-06,604049,2628999.7780914395,34.69634241245136
6,74211,97.0,1357119.875,114,18.28731421217879,0.00012747436363881367,6.970644358148539e-06,8460054,2628999.7780914395,34.69634241245136
2,45700,99.0,1544193.75,28,33.789797592997814,0.00033916849015317287,1.0037600527783512e-05,1279600,1334609.24919344,29.69568
2,70292,37.0,1933811.625,8,27.511119686450805,0.0008192966482672282,2.9780563554115567e-05,562336,997971.7780206897,35.177241379310345
6,52000,100.0,342726.0938,3,6.590886419230769,-1.5384615384615384e-05,-2.334225535995649e-06,156000,2628999.7780914395,34.69634241245136
2,35780,22.0,2912264.0,2,81.39362772498603,0.001441866964784796,1.771474014718446e-05,71560,1996164.7493421054,56.04810526315789
3,76844,100.0,1363191.625,3,17.739727564936754,0.00012362708864712926,6.968939528219299e-06,230532,2628999.7780914395,34.69634241245136
3,47673,67.0,2502131.0,3,52.48528517190024,0.0004216223019319112,8.033152540774245e-06,143019,2628999.7780914395,34.69634241245136
4,39433,62.0,3497215.5,3,88.68753328430502,0.0006182638906499632,6.9712604213266235e-06,118299,3010660.921875,84.3
2,48925,82.0,1662054.125,2,33.9714690853347,0.0004652018395503322,1.3693898205631541e-05,97850,1996164.7493421054,56.04810526315789
8,41198,44.0,7768057.5,6,188.5542380698092,0.0020044662362250594,1.0630714306633286e-05,247188,5155351.229166667,61.555
0,89392,16.0,6960904.5,46,77.86943462502238,0.0005428897440486845,6.971795116568544e-06,4112032,2395087.953125,53.75333333333333
0,97040,69.0,3894142.5,5,40.129250824402305,0.0006431368507831822,1.6026634875328777e-05,485200,2395087.953125,53.75333333333333
4,85284,72.0,6042399.5,2,70.85032948735989,0.0015362787861732566,2.168343883915653e-05,170568,3010660.921875,84.3
2,24990,9.0,4420650.5,87,176.8967787114846,0.005394157663065227,3.0493249805656433e-05,2174130,2628999.7780914395,34.69634241245136
3,45000,77.0,1325972.75,1,29.46606111111111,0.00020533333333333333,6.968468997571783e-06,45000,1996164.7493421054,56.04810526315789
1,13661,75.0,502667.6875,64,36.79581930312569,0.0002562037918161189,6.962850581080965e-06,874304,2628999.7780914395,34.69634241245136
1,15398,93.0,387810.0,56,25.1857384075854,0.0005059098584231719,2.0087156081586345e-05,862288,2628999.7780914395,34.69634241245136
1,12294,46.0,849745.6875,26,69.11873169838945,0.0017032698877501222,2.4642666986174027e-05,319644,2628999.7780914395,34.69634241245136
